-0.94501185,-0.13575742,0.76000000,0.00000000,0.00000000,0.93685486,0.34971843,-0.31200000,0.00000000,0.00000000,0.66900000,-0.36300000,0.00000000,-0.31200000,0.00000000,0.00000000,0.66900000,-0.36300000,0.00000000,0.00000000,0.00000000,0.00000000,0.20000000,0.20000000,0.00000000,0.60000000,0.00000000,0.00000000,0.00000000,0.20000000,-0.20000000,0.00000000,0.60000000,0.00000000,0.00000000,0.00000000
-0.94501185,-0.13575742,0.76000164,0.00000000,0.00000000,0.93685486,0.34971843,-0.31199142,0.00000061,0.00000065,0.66898538,-0.36299314,0.00000000,-0.31199177,-0.00000028,-0.00000027,0.66898510,-0.36299287,0.00000000,0.00000012,0.00000011,0.00000006,0.19999902,0.19999995,-0.00000074,0.60001066,0.00000000,0.00000000,0.00000000,0.19999935,-0.20000021,-0.00000069,0.60001176,0.00000000,0.00000000,0.00000000
-0.94501185,-0.13575742,0.76001312,0.00000000,0.00000000,0.93685486,0.34971843,-0.31193133,0.00000489,0.00000518,0.66888304,-0.36294511,0.00000000,-0.31193420,-0.00000224,-0.00000218,0.66888083,-0.36294300,0.00000000,0.00000100,0.00000091,0.00000050,0.19999216,0.19999956,-0.00000595,0.60008525,0.00000000,0.00000000,0.00000000,0.19999481,-0.20000164,-0.00000553,0.60009405,0.00000000,0.00000000,0.00000000
-0.94501185,-0.13575742,0.76004428,0.00000000,0.00000000,0.93685486,0.34971843,-0.31176823,0.00001649,0.00001749,0.66860526,-0.36281473,0.00000000,-0.31177791,-0.00000757,-0.00000737,0.66859779,-0.36280761,0.00000000,0.00000337,0.00000308,0.00000168,0.19997353,0.19999852,-0.00002009,0.60028771,0.00000000,0.00000000,0.00000000,0.19998249,-0.20000554,-0.00001867,0.60031743,0.00000000,0.00000000,0.00000000
-0.94501185,-0.13575742,0.76010497,0.00000000,0.00000000,0.93685486,0.34971843,-0.31145063,0.00003908,0.00004145,0.66806432,-0.36256085,0.00000000,-0.31147357,-0.00001794,-0.00001747,0.66804662,-0.36254397,0.00000000,0.00000800,0.00000729,0.00000398,0.19993727,0.19999648,-0.00004763,0.60068197,0.00000000,0.00000000,0.00000000,0.19995849,-0.20001314,-0.00004425,0.60075243,0.00000000,0.00000000,0.00000000
-0.94501185,-0.13575742,0.76020501,0.00000000,0.00000000,0.93685486,0.34971843,-0.31092701,0.00007633,0.00008096,0.66717250,-0.36214229,0.00000000,-0.31097182,-0.00003504,-0.00003413,0.66713792,-0.36210932,0.00000000,0.00001562,0.00001424,0.00000776,0.19987748,0.19999313,-0.00009302,0.60133197,0.00000000,0.00000000,0.00000000,0.19991893,-0.20002566,-0.00008642,0.60146959,0.00000000,0.00000000,0.00000000
-0.94501185,-0.13575742,0.76035426,0.00000000,0.00000000,0.93685486,0.34971843,-0.31014588,0.00013190,0.00013991,0.66584207,-0.36151787,0.00000000,-0.31022330,-0.00006055,-0.00005897,0.66578233,-0.36146091,0.00000000,0.00002699,0.00002460,0.00001342,0.19978828,0.19998813,-0.00016074,0.60230165,0.00000000,0.00000000,0.00000000,0.19985992,-0.20004434,-0.00014933,0.60253945,0.00000000,0.00000000,0.00000000
-0.94501185,-0.13575742,0.76056255,0.00000000,0.00000000,0.93685486,0.34971843,-0.30905572,0.00020946,0.00022217,0.66398533,-0.36064644,0.00000000,-0.30917867,-0.00009615,-0.00009365,0.66389046,-0.36055598,0.00000000,0.00004286,0.00003907,0.00002131,0.19966380,0.19998115,-0.00025525,0.60365493,0.00000000,0.00000000,0.00000000,0.19977756,-0.20007041,-0.00023713,0.60403255,0.00000000,0.00000000,0.00000000
-0.94501185,-0.13575742,0.76083972,0.00000000,0.00000000,0.93685486,0.34971843,-0.30760504,0.00031266,0.00033163,0.66151454,-0.35948681,0.00000000,-0.30778857,-0.00014353,-0.00013979,0.66137293,-0.35935179,0.00000000,0.00006398,0.00005832,0.00003181,0.19949814,0.19997186,-0.00038102,0.60545575,0.00000000,0.00000000,0.00000000,0.19966796,-0.20010510,-0.00035396,0.60601943,0.00000000,0.00000000,0.00000000
-0.94501185,-0.13575742,0.76119562,0.00000000,0.00000000,0.93685486,0.34971843,-0.30574233,0.00044518,0.00047218,0.65834199,-0.35799782,0.00000000,-0.30600365,-0.00020436,-0.00019904,0.65814037,-0.35780557,0.00000000,0.00009109,0.00008303,0.00004529,0.19928544,0.19995994,-0.00054251,0.60776806,0.00000000,0.00000000,0.00000000,0.19952723,-0.20014964,-0.00050398,0.60857063,0.00000000,0.00000000,0.00000000
-0.94501185,-0.13575742,0.76164008,0.00000000,0.00000000,0.93685486,0.34971843,-0.30341609,0.00061067,0.00064771,0.65437996,-0.35613830,0.00000000,-0.30377456,-0.00028033,-0.00027303,0.65410338,-0.35587458,0.00000000,0.00012495,0.00011390,0.00006212,0.19901981,0.19994505,-0.00074418,0.61065577,0.00000000,0.00000000,0.00000000,0.19935148,-0.20020527,-0.00069133,0.61175670,0.00000000,0.00000000,0.00000000
-0.94501185,-0.13575742,0.76218295,0.00000000,0.00000000,0.93685486,0.34971843,-0.30057481,0.00081280,0.00086211,0.64954073,-0.35386707,0.00000000,-0.30105194,-0.00037313,-0.00036340,0.64917260,-0.35351607,0.00000000,0.00016631,0.00015160,0.00008268,0.19869537,0.19992686,-0.00099051,0.61418283,0.00000000,0.00000000,0.00000000,0.19913682,-0.20027321,-0.00092016,0.61564816,0.00000000,0.00000000,0.00000000
-0.94501185,-0.13575742,0.76283407,0.00000000,0.00000000,0.93685486,0.34971843,-0.29716700,0.00105524,0.00111925,0.64373658,-0.35114297,0.00000000,-0.29778644,-0.00048442,-0.00047179,0.64325864,-0.35068728,0.00000000,0.00021592,0.00019682,0.00010734,0.19830623,0.19990504,-0.00128595,0.61841317,0.00000000,0.00000000,0.00000000,0.19887935,-0.20035470,-0.00119462,0.62031557,0.00000000,0.00000000,0.00000000
-0.94501185,-0.13575742,0.76360326,0.00000000,0.00000000,0.93685486,0.34971843,-0.29314115,0.00134164,0.00142303,0.63687978,-0.34792483,0.00000000,-0.29392871,-0.00061590,-0.00059984,0.63627213,-0.34734546,0.00000000,0.00027452,0.00025024,0.00013648,0.19784653,0.19987927,-0.00163497,0.62341073,0.00000000,0.00000000,0.00000000,0.19857520,-0.20045097,-0.00151885,0.62582946,0.00000000,0.00000000,0.00000000
-0.94501185,-0.13575742,0.76450039,0.00000000,0.00000000,0.93685486,0.34971843,-0.28844575,0.00167568,0.00177733,0.62888262,-0.34417148,0.00000000,-0.28942939,-0.00076924,-0.00074919,0.62812368,-0.34344786,0.00000000,0.00034287,0.00031254,0.00017046,0.19731036,0.19984921,-0.00204204,0.62923944,0.00000000,0.00000000,0.00000000,0.19822046,-0.20056325,-0.00189701,0.63226037,0.00000000,0.00000000,0.00000000
-0.94501185,-0.13575742,0.76553528,0.00000000,0.00000000,0.93685486,0.34971843,-0.28302930,0.00206101,0.00218604,0.61965738,-0.33984175,0.00000000,-0.28423914,-0.00094613,-0.00092147,0.61872391,-0.33895172,0.00000000,0.00042172,0.00038441,0.00020965,0.19669186,0.19981454,-0.00251161,0.63596323,0.00000000,0.00000000,0.00000000,0.19781124,-0.20069277,-0.00233324,0.63967885,0.00000000,0.00000000,0.00000000
-0.94501185,-0.13575742,0.76671778,0.00000000,0.00000000,0.93685486,0.34971843,-0.27684030,0.00250130,0.00265304,0.60911634,-0.33489446,0.00000000,-0.27830860,-0.00114825,-0.00111832,0.60798345,-0.33381430,0.00000000,0.00051181,0.00046653,0.00025444,0.19598515,0.19977492,-0.00304817,0.64364604,0.00000000,0.00000000,0.00000000,0.19734365,-0.20084077,-0.00283169,0.64815543,0.00000000,0.00000000,0.00000000
-0.94501185,-0.13575742,0.76805773,0.00000000,0.00000000,0.93685486,0.34971843,-0.26982725,0.00300022,0.00318222,0.59717177,-0.32928844,0.00000000,-0.27158841,-0.00137729,-0.00134138,0.59581292,-0.32799283,0.00000000,0.00061390,0.00055959,0.00030519,0.19518433,0.19973002,-0.00365617,0.65235180,0.00000000,0.00000000,0.00000000,0.19681381,-0.20100847,-0.00339650,0.65776065,0.00000000,0.00000000,0.00000000
-0.94501185,-0.13575742,0.76956497,0.00000000,0.00000000,0.93685486,0.34971843,-0.26193863,0.00356143,0.00377747,0.58373595,-0.32298254,0.00000000,-0.26402923,-0.00163491,-0.00159229,0.58212292,-0.32144457,0.00000000,0.00072873,0.00066426,0.00036228,0.19428354,0.19967952,-0.00434007,0.66214446,0.00000000,0.00000000,0.00000000,0.19621782,-0.20119711,-0.00403183,0.66856505,0.00000000,0.00000000,0.00000000
-0.94501185,-0.13575742,0.77124934,0.00000000,0.00000000,0.93685486,0.34971843,-0.25312296,0.00418859,0.00444267,0.56872118,-0.31593557,0.00000000,-0.25558170,-0.00192282,-0.00187269,0.56682410,-0.31412677,0.00000000,0.00085706,0.00078124,0.00042608,0.19327688,0.19962309,-0.00510435,0.67308794,0.00000000,0.00000000,0.00000000,0.19555179,-0.20140791,-0.00474183,0.68063918,0.00000000,0.00000000,0.00000000
-0.94501185,-0.13575742,0.77312067,0.00000000,0.00000000,0.93685486,0.34971843,-0.24332871,0.00488536,0.00518172,0.55203972,-0.30810636,0.00000000,-0.24619648,-0.00224268,-0.00218422,0.54982706,-0.30599667,0.00000000,0.00099964,0.00091120,0.00049696,0.19215849,0.19956039,-0.00595346,0.68524617,0.00000000,0.00000000,0.00000000,0.19481182,-0.20164212,-0.00553064,0.69405357,0.00000000,0.00000000,0.00000000
-0.94501185,-0.13575742,0.77518882,0.00000000,0.00000000,0.93685486,0.34971843,-0.23250440,0.00565542,0.00599848,0.53360385,-0.29945375,0.00000000,-0.23582420,-0.00259618,-0.00252850,0.53104242,-0.29701152,0.00000000,0.00115720,0.00105483,0.00057529,0.19092247,0.19949110,-0.00689187,0.69868310,0.00000000,0.00000000,0.00000000,0.19399404,-0.20190096,-0.00640240,0.70887877,0.00000000,0.00000000,0.00000000
-0.94501185,-0.13575742,0.77746362,0.00000000,0.00000000,0.93685486,0.34971843,-0.22059852,0.00650241,0.00689686,0.51332587,-0.28993657,0.00000000,-0.22441551,-0.00298501,-0.00290719,0.51038081,-0.28712857,0.00000000,0.00133051,0.00121280,0.00066145,0.18956295,0.19941488,-0.00792405,0.71346265,0.00000000,0.00000000,0.00000000,0.19309454,-0.20218566,-0.00736128,0.72518530,0.00000000,0.00000000,0.00000000
-0.94501185,-0.13575742,0.77995490,0.00000000,0.00000000,0.93685486,0.34971843,-0.20755956,0.00743002,0.00788074,0.49111803,-0.27951364,0.00000000,-0.21192107,-0.00341083,-0.00332192,0.48775285,-0.27630506,0.00000000,0.00152032,0.00138582,0.00075581,0.18807404,0.19933141,-0.00905446,0.72964877,0.00000000,0.00000000,0.00000000,0.19210943,-0.20249746,-0.00841141,0.74304373,0.00000000,0.00000000,0.00000000
-0.94501185,-0.13575742,0.78267252,0.00000000,0.00000000,0.93685486,0.34971843,-0.19333602,0.00844190,0.00895401,0.46689263,-0.26814379,0.00000000,-0.19829151,-0.00387535,-0.00377432,0.46306915,-0.26449825,0.00000000,0.00172737,0.00157455,0.00085874,0.18644987,0.19924035,-0.01028757,0.74730538,0.00000000,0.00000000,0.00000000,0.19103483,-0.20283759,-0.00955694,0.76252457,0.00000000,0.00000000,0.00000000
-0.94501185,-0.13575742,0.78562631,0.00000000,0.00000000,0.93685486,0.34971843,-0.17787639,0.00954172,0.01012054,0.44056195,-0.25578586,0.00000000,-0.18347749,-0.00438023,-0.00426605,0.43624034,-0.25166537,0.00000000,0.00195241,0.00177968,0.00097062,0.18468455,0.19914139,-0.01162785,0.76649643,0.00000000,0.00000000,0.00000000,0.18986684,-0.20320727,-0.01080203,0.78369838,0.00000000,0.00000000,0.00000000
-0.94501185,-0.13575742,0.78882612,0.00000000,0.00000000,0.93685486,0.34971843,-0.16112918,0.01073314,0.01138423,0.41203826,-0.24239867,0.00000000,-0.16742966,-0.00492717,-0.00479872,0.40717704,-0.23776368,0.00000000,0.00219620,0.00200190,0.00109181,0.18277220,0.19903418,-0.01307975,0.78728584,0.00000000,0.00000000,0.00000000,0.18860158,-0.20360774,-0.01215081,0.80663570,0.00000000,0.00000000,0.00000000
-0.94501185,-0.13575742,0.79228178,0.00000000,0.00000000,0.93685486,0.34971843,-0.14304288,0.01201982,0.01274897,0.38123385,-0.22794106,0.00000000,-0.15009866,-0.00551783,-0.00537399,0.37578987,-0.22275043,0.00000000,0.00245948,0.00224189,0.00122270,0.18070694,0.19891839,-0.01464774,0.80973755,0.00000000,0.00000000,0.00000000,0.18723514,-0.20404023,-0.01360744,0.83140706,0.00000000,0.00000000,0.00000000
-0.94501185,-0.13575742,0.79600313,0.00000000,0.00000000,0.93685486,0.34971843,-0.12356599,0.01340543,0.01421863,0.34806099,-0.21237185,0.00000000,-0.13143513,-0.00615391,-0.00599349,0.34198944,-0.20658286,0.00000000,0.00274300,0.00250033,0.00136365,0.17848289,0.19879371,-0.01633629,0.83391549,0.00000000,0.00000000,0.00000000,0.18576364,-0.20450598,-0.01517607,0.85808300,0.00000000,0.00000000,0.00000000
-0.94501185,-0.13575742,0.80000001,0.00000000,0.00000000,0.93685486,0.34971843,-0.10264700,0.01489363,0.01579711,0.31243196,-0.19564988,0.00000000,-0.11138973,-0.00683709,-0.00665885,0.30568638,-0.18921822,0.00000000,0.00304751,0.00277790,0.00151503,0.17609417,0.19865979,-0.01814986,0.85988361,0.00000000,0.00000000,0.00000000,0.18418320,-0.20500621,-0.01686084,0.88673407,0.00000000,0.00000000,0.00000000
-0.94501185,-0.13575742,0.80000001,0.00000000,0.00000000,0.93685484,0.34971842,-0.10264700,0.01489363,0.01579711,0.31243196,-0.19564988,0.00000000,-0.11138973,-0.00683709,-0.00665885,0.30568638,-0.18921822,0.00000000,0.00304751,0.00277790,0.00151503,0.17609417,0.19865979,-0.01814986,0.85988361,0.00000000,0.00000000,0.00000000,0.18418320,-0.20500621,-0.01686084,0.88673407,0.00000000,0.00000000,0.00000000
-0.94501185,-0.13575742,0.79849398,-0.00113409,-0.00121118,0.93685323,0.34971887,-0.10529400,0.02978726,0.03159422,0.32486394,-0.19129975,0.00000000,-0.12277947,-0.01367417,-0.01331771,0.31137279,-0.17843646,0.00000000,0.00609502,0.00555580,0.00303007,0.15218836,0.19731958,-0.03629972,0.81976724,0.00000000,0.00000000,0.00000000,0.16836637,-0.21001242,-0.03372168,0.87346816,0.00000000,0.00000000,0.00000000
-0.94501185,-0.13575742,0.79698795,-0.00226811,-0.00242242,0.93684834,0.34972015,-0.10794100,0.04468090,0.04739133,0.33729592,-0.18694963,0.00000000,-0.13416921,-0.02051126,-0.01997656,0.31705916,-0.16765468,0.00000000,0.00914254,0.00833370,0.00454510,0.12828253,0.19597939,-0.05444958,0.77965081,0.00000000,0.00000000,0.00000000,0.15254956,-0.21501863,-0.05058252,0.86020219,0.00000000,0.00000000,0.00000000
-0.94501185,-0.13575742,0.79548192,-0.00340207,-0.00363370,0.93684018,0.34972233,-0.11058801,0.05957453,0.06318844,0.34972787,-0.18259950,0.00000000,-0.14555894,-0.02734835,-0.02663541,0.32274556,-0.15687290,0.00000000,0.01219005,0.01111160,0.00606014,0.10437671,0.19463918,-0.07259943,0.73953444,0.00000000,0.00000000,0.00000000,0.13673276,-0.22002484,-0.06744336,0.84693629,0.00000000,0.00000000,0.00000000
-0.94501185,-0.13575742,0.79397589,-0.00453598,-0.00484501,0.93682873,0.34972540,-0.11323500,0.07446817,0.07898555,0.36215985,-0.17824937,0.00000000,-0.15694869,-0.03418543,-0.03329427,0.32843193,-0.14609113,0.00000000,0.01523756,0.01388951,0.00757517,0.08047089,0.19329897,-0.09074929,0.69941807,0.00000000,0.00000000,0.00000000,0.12091595,-0.22503105,-0.08430419,0.83367032,0.00000000,0.00000000,0.00000000
-0.94501185,-0.13575742,0.79246986,-0.00566983,-0.00605635,0.93681407,0.34972930,-0.11588200,0.08936179,0.09478267,0.37459183,-0.17389923,0.00000000,-0.16833842,-0.04102252,-0.03995312,0.33411834,-0.13530935,0.00000000,0.01828508,0.01666741,0.00909021,0.05656507,0.19195877,-0.10889915,0.65930164,0.00000000,0.00000000,0.00000000,0.10509914,-0.23003726,-0.10116503,0.82040441,0.00000000,0.00000000,0.00000000
-0.94501185,-0.13575742,0.79096383,-0.00680363,-0.00726770,0.93679613,0.34973407,-0.11852901,0.10425543,0.11057977,0.38702378,-0.16954911,0.00000000,-0.17972815,-0.04785961,-0.04661198,0.33980471,-0.12452758,0.00000000,0.02133259,0.01944531,0.01060524,0.03265925,0.19061856,-0.12704901,0.61918527,0.00000000,0.00000000,0.00000000,0.08928233,-0.23504347,-0.11802587,0.80713844,0.00000000,0.00000000,0.00000000
-0.94501185,-0.13575742,0.78945774,-0.00793739,-0.00847906,0.93677491,0.34973973,-0.12117600,0.11914906,0.12637688,0.39945576,-0.16519898,0.00000000,-0.19111788,-0.05469669,-0.05327083,0.34549111,-0.11374580,0.00000000,0.02438010,0.02222321,0.01212028,0.00875343,0.18927835,-0.14519887,0.57906890,0.00000000,0.00000000,0.00000000,0.07346552,-0.24004968,-0.13488671,0.79387254,0.00000000,0.00000000,0.00000000
-0.94501185,-0.13575742,0.78795171,-0.00907111,-0.00969041,0.93675041,0.34974626,-0.12382301,0.13404270,0.14217399,0.41188774,-0.16084886,0.00000000,-0.20250763,-0.06153378,-0.05992968,0.35117748,-0.10296403,0.00000000,0.02742761,0.02500111,0.01363531,-0.01515240,0.18793815,-0.16334872,0.53895247,0.00000000,0.00000000,0.00000000,0.05764871,-0.24505588,-0.15174755,0.78060663,0.00000000,0.00000000,0.00000000
-0.94501185,-0.13575742,0.78644568,-0.01020479,-0.01090175,0.93672270,0.34975365,-0.12647001,0.14893633,0.15797110,0.42431971,-0.15649873,0.00000000,-0.21389736,-0.06837086,-0.06658854,0.35686389,-0.09218226,0.00000000,0.03047512,0.02777901,0.01515035,-0.03905822,0.18659794,-0.18149859,0.49883610,0.00000000,0.00000000,0.00000000,0.04183190,-0.25006208,-0.16860838,0.76734066,0.00000000,0.00000000,0.00000000
-0.94501185,-0.13575742,0.78493965,-0.01133844,-0.01211306,0.93669170,0.34976190,-0.12911701,0.16382997,0.17376821,0.43675166,-0.15214860,0.00000000,-0.22528709,-0.07520795,-0.07324739,0.36255026,-0.08140048,0.00000000,0.03352264,0.03055691,0.01666538,-0.06296404,0.18525773,-0.19964844,0.45871970,0.00000000,0.00000000,0.00000000,0.02601509,-0.25506830,-0.18546923,0.75407475,0.00000000,0.00000000,0.00000000
-0.94501185,-0.13575742,0.78343362,-0.01247206,-0.01332434,0.93665743,0.34977105,-0.13176401,0.17872359,0.18956533,0.44918364,-0.14779848,0.00000000,-0.23667683,-0.08204503,-0.07990624,0.36823666,-0.07061870,0.00000000,0.03657015,0.03333481,0.01818042,-0.08686986,0.18391754,-0.21779831,0.41860330,0.00000000,0.00000000,0.00000000,0.01019828,-0.26007450,-0.20233007,0.74080878,0.00000000,0.00000000,0.00000000
-0.94501185,-0.13575742,0.78192759,-0.01360565,-0.01453557,0.93661988,0.34978104,-0.13441101,0.19361722,0.20536244,0.46161562,-0.14344835,0.00000000,-0.24806657,-0.08888213,-0.08656510,0.37392303,-0.05983693,0.00000000,0.03961766,0.03611271,0.01969546,-0.11077568,0.18257733,-0.23594816,0.37848693,0.00000000,0.00000000,0.00000000,-0.00561853,-0.26508072,-0.21919091,0.72754288,0.00000000,0.00000000,0.00000000
-0.94501185,-0.13575742,0.78042156,-0.01473923,-0.01574674,0.93657911,0.34979191,-0.13705800,0.20851086,0.22115955,0.47404757,-0.13909823,0.00000000,-0.25945631,-0.09571921,-0.09322395,0.37960944,-0.04905516,0.00000000,0.04266517,0.03889062,0.02121049,-0.13468151,0.18123712,-0.25409803,0.33837053,0.00000000,0.00000000,0.00000000,-0.02143534,-0.27008691,-0.23605174,0.71427691,0.00000000,0.00000000,0.00000000
-0.94501185,-0.13575742,0.77891552,-0.01587278,-0.01695785,0.93653506,0.34980366,-0.13970502,0.22340450,0.23695666,0.48647955,-0.13474810,0.00000000,-0.27084604,-0.10255630,-0.09988280,0.38529584,-0.03827338,0.00000000,0.04571269,0.04166852,0.02272552,-0.15858732,0.17989692,-0.27224788,0.29825413,0.00000000,0.00000000,0.00000000,-0.03725215,-0.27509314,-0.25291258,0.70101100,0.00000000,0.00000000,0.00000000
-0.94501185,-0.13575742,0.77740949,-0.01700633,-0.01816889,0.93648773,0.34981629,-0.14235201,0.23829812,0.25275376,0.49891153,-0.13039798,0.00000000,-0.28223577,-0.10939338,-0.10654166,0.39098221,-0.02749161,0.00000000,0.04876020,0.04444642,0.02424056,-0.18249315,0.17855671,-0.29039773,0.25813776,0.00000000,0.00000000,0.00000000,-0.05306896,-0.28009933,-0.26977342,0.68774503,0.00000000,0.00000000,0.00000000
-0.94501185,-0.13575742,0.77590346,-0.01813986,-0.01937984,0.93643713,0.34982976,-0.14499901,0.25319177,0.26855087,0.51134348,-0.12604785,0.00000000,-0.29362550,-0.11623047,-0.11320051,0.39666861,-0.01670983,0.00000000,0.05180771,0.04722432,0.02575559,-0.20639896,0.17721650,-0.30854759,0.21802136,0.00000000,0.00000000,0.00000000,-0.06888577,-0.28510556,-0.28663427,0.67447913,0.00000000,0.00000000,0.00000000
-0.94501185,-0.13575742,0.77439743,-0.01927339,-0.02059069,0.93638331,0.34984413,-0.14764601,0.26808539,0.28434798,0.52377546,-0.12169772,0.00000000,-0.30501524,-0.12306755,-0.11985936,0.40235499,-0.00592806,0.00000000,0.05485522,0.05000222,0.02727063,-0.23030479,0.17587630,-0.32669744,0.17790496,0.00000000,0.00000000,0.00000000,-0.08470258,-0.29011175,-0.30349511,0.66121322,0.00000000,0.00000000,0.00000000
-0.94501185,-0.13575742,0.77289140,-0.02040692,-0.02180143,0.93632615,0.34985936,-0.15029301,0.28297901,0.30014509,0.53620744,-0.11734759,0.00000000,-0.31640500,-0.12990464,-0.12651822,0.40804139,0.00485372,0.00000000,0.05790273,0.05278012,0.02878566,-0.25421062,0.17453609,-0.34484732,0.13778858,0.00000000,0.00000000,0.00000000,-0.10051939,-0.29511797,-0.32035595,0.64794725,0.00000000,0.00000000,0.00000000
-0.94501185,-0.13575742,0.77138537,-0.02154045,-0.02301207,0.93626577,0.34987545,-0.15294002,0.29787266,0.31594220,0.54863942,-0.11299746,0.00000000,-0.32779473,-0.13674173,-0.13317707,0.41372776,0.01563549,0.00000000,0.06095025,0.05555802,0.03030070,-0.27811643,0.17319588,-0.36299717,0.09767219,0.00000000,0.00000000,0.00000000,-0.11633620,-0.30012417,-0.33721676,0.63468134,0.00000000,0.00000000,0.00000000
-0.94501185,-0.13575742,0.76987934,-0.02267399,-0.02422257,0.93620211,0.34989244,-0.15558702,0.31276628,0.33173931,0.56107140,-0.10864734,0.00000000,-0.33918446,-0.14357881,-0.13983592,0.41941416,0.02641726,0.00000000,0.06399776,0.05833592,0.03181573,-0.30202225,0.17185569,-0.38114703,0.05755579,0.00000000,0.00000000,0.00000000,-0.13215300,-0.30513039,-0.35407761,0.62141538,0.00000000,0.00000000,0.00000000
-0.94501185,-0.13575742,0.76837331,-0.02380754,-0.02543294,0.93613523,0.34991029,-0.15823402,0.32765993,0.34753641,0.57350332,-0.10429721,0.00000000,-0.35057420,-0.15041590,-0.14649478,0.42510054,0.03719904,0.00000000,0.06704527,0.06111383,0.03333077,-0.32592809,0.17051548,-0.39929688,0.01743940,0.00000000,0.00000000,0.00000000,-0.14796983,-0.31013659,-0.37093845,0.60814947,0.00000000,0.00000000,0.00000000
-0.94501185,-0.13575742,0.76686728,-0.02494111,-0.02664317,0.93606502,0.34992903,-0.16088101,0.34255356,0.36333352,0.58593529,-0.09994709,0.00000000,-0.36196393,-0.15725298,-0.15315363,0.43078694,0.04798082,0.00000000,0.07009278,0.06389172,0.03484580,-0.34983391,0.16917527,-0.41744673,-0.02267699,0.00000000,0.00000000,0.00000000,-0.16378663,-0.31514281,-0.38779929,0.59488350,0.00000000,0.00000000,0.00000000
-0.94501185,-0.13575742,0.76536125,-0.02607469,-0.02785324,0.93599159,0.34994861,-0.16352803,0.35744718,0.37913066,0.59836727,-0.09559696,0.00000000,-0.37335366,-0.16409007,-0.15981248,0.43647331,0.05876259,0.00000000,0.07314030,0.06666963,0.03636084,-0.37373972,0.16783507,-0.43559662,-0.06279337,0.00000000,0.00000000,0.00000000,-0.17960344,-0.32014900,-0.40466014,0.58161759,0.00000000,0.00000000,0.00000000
-0.94501185,-0.13575742,0.76385522,-0.02720830,-0.02906314,0.93591487,0.34996912,-0.16617502,0.37234083,0.39492777,0.61079925,-0.09124684,0.00000000,-0.38474339,-0.17092715,-0.16647133,0.44215971,0.06954436,0.00000000,0.07618781,0.06944753,0.03787587,-0.39764553,0.16649486,-0.45374647,-0.10290977,0.00000000,0.00000000,0.00000000,-0.19542025,-0.32515523,-0.42152098,0.56835169,0.00000000,0.00000000,0.00000000
-0.94501185,-0.13575742,0.76234919,-0.02834193,-0.03027287,0.93583488,0.34999046,-0.16882202,0.38723445,0.41072488,0.62323123,-0.08689671,0.00000000,-0.39613312,-0.17776425,-0.17313020,0.44784608,0.08032614,0.00000000,0.07923532,0.07222543,0.03939091,-0.42155138,0.16515465,-0.47189632,-0.14302616,0.00000000,0.00000000,0.00000000,-0.21123706,-0.33016142,-0.43838182,0.55508572,0.00000000,0.00000000,0.00000000
-0.94501185,-0.13575742,0.76084316,-0.02947560,-0.03148241,0.93575168,0.35001272,-0.17146902,0.40212807,0.42652199,0.63566321,-0.08254658,0.00000000,-0.40752289,-0.18460134,-0.17978905,0.45353249,0.09110791,0.00000000,0.08228283,0.07500333,0.04090595,-0.44545719,0.16381446,-0.49004617,-0.18314254,0.00000000,0.00000000,0.00000000,-0.22705387,-0.33516765,-0.45524266,0.54181981,0.00000000,0.00000000,0.00000000
-0.94501185,-0.13575742,0.75933713,-0.03060930,-0.03269175,0.93566513,0.35003582,-0.17411602,0.41702172,0.44231910,0.64809513,-0.07819645,0.00000000,-0.41891262,-0.19143842,-0.18644790,0.45921886,0.10188968,0.00000000,0.08533034,0.07778123,0.04242098,-0.46936300,0.16247424,-0.50819606,-0.22325894,0.00000000,0.00000000,0.00000000,-0.24287069,-0.34017384,-0.47210348,0.52855384,0.00000000,0.00000000,0.00000000
-0.94501185,-0.13575742,0.75783110,-0.03174305,-0.03390089,0.93557537,0.35005984,-0.17676303,0.43191534,0.45811620,0.66052711,-0.07384633,0.00000000,-0.43030235,-0.19827551,-0.19310676,0.46490526,0.11267146,0.00000000,0.08837786,0.08055913,0.04393601,-0.49326882,0.16113403,-0.52634591,-0.26337534,0.00000000,0.00000000,0.00000000,-0.25868750,-0.34518006,-0.48896432,0.51528794,0.00000000,0.00000000,0.00000000
-0.94501185,-0.13575742,0.75632507,-0.03287683,-0.03510981,0.93548226,0.35008469,-0.17941003,0.44680899,0.47391331,0.67295909,-0.06949620,0.00000000,-0.44169208,-0.20511259,-0.19976561,0.47059163,0.12345324,0.00000000,0.09142537,0.08333703,0.04545105,-0.51717466,0.15979384,-0.54449576,-0.30349171,0.00000000,0.00000000,0.00000000,-0.27450430,-0.35018626,-0.50582516,0.50202197,0.00000000,0.00000000,0.00000000
-0.94501185,-0.13575742,0.75632507,-0.03287683,-0.03510981,0.93548226,0.35008469,-0.18205702,0.46170262,0.48971042,0.68539107,-0.06514607,0.00000000,-0.45308182,-0.21194968,-0.20642446,0.47627804,0.13423501,0.00000000,0.09447289,0.08611494,0.04696608,-0.54108047,0.15845363,-0.56264561,-0.34360811,0.00000000,0.00000000,0.00000000,-0.29032111,-0.35519248,-0.52268600,0.48875606,0.00000000,0.00000000,0.00000000
-0.94609010,-0.13132098,0.75358689,-0.03415224,-0.03476417,0.93502140,0.35122645,-0.18233900,0.46814328,0.48526120,0.68508625,-0.06279387,0.00000000,-0.45875916,-0.21267085,-0.20577039,0.48246112,0.13342626,0.00000000,0.09148600,0.08785368,0.04772985,-0.54569679,0.16138425,-0.55426580,-0.33690220,0.00000000,0.00000000,0.00000000,-0.29205719,-0.35480618,-0.51838565,0.48761180,0.00000000,0.00000000,0.00000000
-0.94760287,-0.12483199,0.75156367,-0.03685188,-0.03480209,0.93512529,0.35067278,-0.18474245,0.47845963,0.47777224,0.68315244,-0.05824398,0.00000000,-0.46561113,-0.21198094,-0.20500803,0.48965091,0.13165340,0.00000000,0.08683965,0.09046089,0.04665031,-0.55535978,0.16804674,-0.53752935,-0.32745790,0.00000000,0.00000000,0.00000000,-0.29572174,-0.35626927,-0.51138008,0.48404923,0.00000000,0.00000000,0.00000000
-0.94775724,-0.11556215,0.75055528,-0.04125322,-0.03448908,0.93668801,0.34601188,-0.19239143,0.49051407,0.46861368,0.67829394,-0.05145485,0.00000000,-0.46927002,-0.20641775,-0.20488523,0.49383932,0.12886769,0.00000000,0.08144327,0.09134299,0.04192285,-0.57065439,0.18092760,-0.51264173,-0.31716886,0.00000000,0.00000000,0.00000000,-0.30161160,-0.36054438,-0.50198686,0.47537050,0.00000000,0.00000000,0.00000000
-0.94790006,-0.10273075,0.75229967,-0.04789423,-0.03405789,0.94007373,0.33586848,-0.20575969,0.50219029,0.45848879,0.67080837,-0.04238015,0.00000000,-0.46624610,-0.19345285,-0.20538351,0.49322915,0.12516692,0.00000000,0.07608257,0.08597995,0.02766683,-0.59168530,0.20236276,-0.48154336,-0.30479670,0.00000000,0.00000000,0.00000000,-0.31154260,-0.36605331,-0.48787409,0.45655912,0.00000000,0.00000000,0.00000000
-0.94895279,-0.08602788,0.75822598,-0.05726111,-0.03272217,0.94457299,0.32160890,-0.22406961,0.51293832,0.44705588,0.66368598,-0.03113645,0.00000000,-0.45538238,-0.17375408,-0.20480043,0.48950922,0.12090052,0.00000000,0.07164601,0.06964058,0.00071388,-0.61835438,0.23429407,-0.44658956,-0.28657609,0.00000000,0.00000000,0.00000000,-0.32574141,-0.36896056,-0.46581253,0.42458549,0.00000000,0.00000000,0.00000000
-0.95031065,-0.06394123,0.76692253,-0.06665625,-0.03100090,0.95136958,0.29915172,-0.24689442,0.52499402,0.43311372,0.66371226,-0.01781107,0.00000000,-0.43905574,-0.15155484,-0.19934733,0.49032348,0.11681315,0.00000000,0.06449473,0.04399106,-0.02969997,-0.64991415,0.27853721,-0.40786344,-0.25739422,0.00000000,0.00000000,0.00000000,-0.33671492,-0.36561835,-0.43635646,0.38443416,0.00000000,0.00000000,0.00000000
-0.95151353,-0.04406398,0.77559847,-0.07097472,-0.03204414,0.95995384,0.26911789,-0.27332717,0.53856951,0.41541323,0.68047196,-0.00229787,0.00000000,-0.42548099,-0.13062038,-0.18491726,0.50800586,0.11364437,0.00000000,0.05074636,0.02034410,-0.04604653,-0.68094414,0.33381990,-0.36383581,-0.21126331,0.00000000,0.00000000,0.00000000,-0.33800864,-0.35572270,-0.40279552,0.34389859,0.00000000,0.00000000,0.00000000
-0.95095330,-0.02830114,0.78194255,-0.07086049,-0.03670829,0.96859598,0.23548478,-0.30280033,0.54565012,0.39445993,0.71307760,0.01478790,0.00000000,-0.42523721,-0.11004508,-0.15929541,0.54876840,0.11134709,0.00000000,0.02883960,0.01386832,-0.04038162,-0.70161277,0.39782560,-0.31395248,-0.14169939,0.00000000,0.00000000,0.00000000,-0.33090875,-0.34281090,-0.36812755,0.30610991,0.00000000,0.00000000,0.00000000
-0.95055890,-0.01551332,0.78634495,-0.06984055,-0.04910652,0.97659951,0.19739372,-0.33608967,0.53373665,0.37251073,0.74321365,0.03076258,0.00000000,-0.44529161,-0.08810928,-0.12059622,0.60158950,0.10792416,0.00000000,-0.00188696,0.03626421,-0.01981145,-0.70092928,0.46819675,-0.26295045,-0.04639496,0.00000000,0.00000000,0.00000000,-0.31681243,-0.33216405,-0.33372560,0.27268773,0.00000000,0.00000000,0.00000000
-0.95666474,-0.00977058,0.78408796,-0.06671672,-0.06494863,0.98227936,0.16265844,-0.36042622,0.51387286,0.33959490,0.76365083,0.04254390,0.00000000,-0.48166537,-0.07020355,-0.06507981,0.64259964,0.09947824,0.00000000,-0.03663975,0.07748491,0.00034347,-0.67607921,0.54619795,-0.21285310,0.07088961,0.00000000,0.00000000,0.00000000,-0.29707956,-0.32710814,-0.29876694,0.24361838,0.00000000,0.00000000,0.00000000
-0.96508086,-0.00138718,0.77448267,-0.06414806,-0.07872655,0.98638266,0.12936924,-0.37194079,0.50336015,0.28610626,0.78483373,0.05014692,0.00000000,-0.53082085,-0.06115294,0.00740994,0.65335965,0.08280291,0.00000000,-0.06706523,0.11299744,0.02060974,-0.62819082,0.63050461,-0.16444507,0.20556912,0.00000000,0.00000000,0.00000000,-0.27233744,-0.32493693,-0.26028112,0.21900550,0.00000000,0.00000000,0.00000000
-0.96810418,0.01568354,0.76247674,-0.05844600,-0.08306006,0.98883539,0.10903963,-0.39192912,0.49907967,0.21910547,0.81625396,0.05604348,0.00000000,-0.58513379,-0.05392030,0.08970501,0.63423407,0.05857221,0.00000000,-0.08331466,0.12536021,0.05214700,-0.55613601,0.71326971,-0.12044922,0.35315251,0.00000000,0.00000000,0.00000000,-0.24347086,-0.32211745,-0.21553537,0.19997206,0.00000000,0.00000000,0.00000000
-0.97041726,0.03528529,0.75266886,-0.05435455,-0.07970124,0.99121666,0.09045929,-0.42067567,0.49444923,0.14618456,0.85184878,0.06170009,0.00000000,-0.63297617,-0.04267140,0.17085455,0.60624790,0.03063247,0.00000000,-0.08738033,0.12312889,0.07156777,-0.46336830,0.78540719,-0.08290792,0.49991998,0.00000000,0.00000000,0.00000000,-0.21318196,-0.32381693,-0.16792898,0.18214020,0.00000000,0.00000000,0.00000000
-0.97671163,0.05262995,0.73783171,-0.05449783,-0.07683615,0.99341995,0.06513807,-0.45369822,0.48617026,0.07216983,0.88390088,0.06821737,0.00000000,-0.65576029,-0.02511928,0.23623337,0.60943240,0.00266824,0.00000000,-0.08384548,0.11538611,0.06929629,-0.35105610,0.83858454,-0.05530389,0.63916099,0.00000000,0.00000000,0.00000000,-0.18749306,-0.34099710,-0.12401952,0.15756834,0.00000000,0.00000000,0.00000000
-0.98814166,0.07181485,0.71903813,-0.05645882,-0.06935714,0.99490076,0.04663169,-0.49409041,0.47595632,-0.00139775,0.91028333,0.07679146,0.00000000,-0.65588564,-0.01399677,0.28516203,0.64928919,-0.02542129,0.00000000,-0.06499556,0.10050632,0.05469590,-0.22144642,0.86194241,-0.04189616,0.76528049,0.00000000,0.00000000,0.00000000,-0.17228670,-0.37416226,-0.08244874,0.12269614,0.00000000,0.00000000,0.00000000
-0.99554360,0.09515022,0.70146614,0.06253631,0.05978547,-0.99607885,-0.01848908,-0.54554725,0.46120885,-0.07097264,0.92381322,0.08757611,0.00000000,-0.64809644,-0.01699678,0.32001656,0.70460403,-0.05534652,0.00000000,-0.00886190,0.08481778,0.04843812,-0.09021873,0.84712934,-0.04390832,0.86769295,0.00000000,0.00000000,0.00000000,-0.18129112,-0.41281003,-0.03102039,0.08250325,0.00000000,0.00000000,0.00000000
-1.00239885,0.12104557,0.68741471,0.07193136,0.05072098,-0.99589747,0.02101071,-0.60679865,0.44126382,-0.13320069,0.91466284,0.10063218,0.00000000,-0.63189209,-0.03282296,0.33782449,0.75980330,-0.08672724,0.00000000,0.08422201,0.06938374,0.04842562,0.02950670,0.79354560,-0.05878507,0.93985885,0.00000000,0.00000000,0.00000000,-0.22066018,-0.45647573,0.02782322,0.03863585,0.00000000,0.00000000,0.00000000
-1.01235271,0.14810435,0.67883062,0.08632161,0.04135463,-0.99135631,0.08972766,-0.68556362,0.41156662,-0.18040107,0.86766815,0.11573834,0.00000000,-0.60354245,-0.05733342,0.33303428,0.80486506,-0.11642465,0.00000000,0.20719188,0.05403559,0.05278546,0.12626489,0.70849562,-0.08101133,0.97865933,0.00000000,0.00000000,0.00000000,-0.29200038,-0.50848442,0.08379821,-0.00303989,0.00000000,0.00000000,0.00000000
-1.01876211,0.17957635,0.67781395,0.10498326,0.03110737,-0.97584045,0.18906680,-0.78336203,0.36374345,-0.20322217,0.77693599,0.13267668,0.00000000,-0.57336205,-0.08423483,0.30183432,0.83223498,-0.14050451,0.00000000,0.35100225,0.04457224,0.06486390,0.19184045,0.60906821,-0.10195691,0.98483050,0.00000000,0.00000000,0.00000000,-0.38782433,-0.57004529,0.12609543,-0.02987352,0.00000000,0.00000000,0.00000000
-1.02269697,0.21878934,0.68963689,0.13145988,0.02407237,-0.93953633,0.31529397,-0.89460129,0.29052377,-0.19684176,0.65253806,0.15036055,0.00000000,-0.55145288,-0.10963536,0.24445347,0.84109759,-0.15671091,0.00000000,0.51194483,0.04938591,0.08002245,0.22812448,0.52104563,-0.11051300,0.96533227,0.00000000,0.00000000,0.00000000,-0.49449301,-0.63749909,0.14934064,-0.03115767,0.00000000,0.00000000,0.00000000
-1.03131831,0.26590455,0.70684487,0.15785739,0.01359248,-0.87538236,0.45672968,-1.01713121,0.19678642,-0.17148818,0.52120811,0.16707166,0.00000000,-0.53628582,-0.14682525,0.17195478,0.83355820,-0.16532136,0.00000000,0.69469976,0.07366798,0.08905645,0.24632281,0.46291420,-0.09918568,0.93096370,0.00000000,0.00000000,0.00000000,-0.59822327,-0.70317173,0.15487219,-0.00108451,0.00000000,0.00000000,0.00000000
-1.04258144,0.30583817,0.72017097,0.17718907,0.00090364,-0.79634696,0.57830328,-1.13965905,0.09814622,-0.14829293,0.42870045,0.18435033,0.00000000,-0.52669668,-0.21315609,0.10088465,0.81039304,-0.16766261,0.00000000,0.90115410,0.11486290,0.08570371,0.25184238,0.43427578,-0.06850020,0.88966531,0.00000000,0.00000000,0.00000000,-0.69511384,-0.76143891,0.14551333,0.06001946,0.00000000,0.00000000,0.00000000
-1.05313659,0.34960139,0.73311329,0.19994584,-0.01490642,-0.70475781,0.68052620,-1.26574886,0.01768327,-0.14290373,0.38487604,0.20332292,0.00000000,-0.52352607,-0.30399561,0.03839988,0.77280670,-0.16495962,0.00000000,1.10382473,0.16029236,0.08917537,0.23297407,0.41996685,-0.02709796,0.84584463,0.00000000,0.00000000,0.00000000,-0.77902967,-0.81512392,0.11915890,0.15483534,0.00000000,0.00000000,0.00000000
-1.08521891,0.38786063,0.75302738,0.22733065,-0.03121597,-0.60809612,0.75997722,-1.39459348,-0.02513665,-0.16262268,0.38056317,0.22327769,0.00000000,-0.52201641,-0.38921037,-0.01922776,0.72223830,-0.15817910,0.00000000,1.24927235,0.18062182,0.13229251,0.16880177,0.39985707,0.01057994,0.79975832,0.00000000,0.00000000,0.00000000,-0.83495069,-0.86789989,0.07556646,0.28414524,0.00000000,0.00000000,0.00000000
-1.13036537,0.40257889,0.77449602,0.25696680,-0.02879029,-0.50201237,0.82530165,-1.50835466,-0.00611807,-0.21425150,0.39260438,0.24220385,0.00000000,-0.51930785,-0.44565526,-0.07594159,0.66250294,-0.14803962,0.00000000,1.28648162,0.16143344,0.22450463,0.06461265,0.37859526,0.04053686,0.75945914,0.00000000,0.00000000,0.00000000,-0.84515953,-0.91942012,0.02022618,0.43532735,0.00000000,0.00000000,0.00000000
-1.17376482,0.39535955,0.79563957,0.27973881,-0.02576326,-0.38348025,0.87978709,-1.62293649,0.07485056,-0.29397964,0.39479482,0.25787196,0.00000000,-0.49800473,-0.47346762,-0.12898833,0.61230230,-0.13484311,0.00000000,1.21038353,0.09904141,0.33796960,-0.07113566,0.37770635,0.06970747,0.72656906,0.00000000,0.00000000,0.00000000,-0.80719697,-0.95926011,-0.03472204,0.58598775,0.00000000,0.00000000,0.00000000
-1.20335579,0.37446055,0.80874604,0.28480357,-0.02842845,-0.25898305,0.92250013,-1.75395405,0.18939486,-0.38743114,0.37447727,0.26910210,0.00000000,-0.44961676,-0.48371929,-0.17371999,0.58795214,-0.11963216,0.00000000,1.05385280,0.01140051,0.43971169,-0.23641716,0.42650563,0.11256892,0.68988794,0.00000000,0.00000000,0.00000000,-0.71953958,-0.97416967,-0.07854281,0.72879988,0.00000000,0.00000000,0.00000000
-1.22347486,0.35055315,0.81730753,0.27929538,-0.03065136,-0.12033593,0.95214170,-1.88945079,0.31270480,-0.48293793,0.33980069,0.27698243,0.00000000,-0.37789795,-0.49242657,-0.20626122,0.58248734,-0.10398634,0.00000000,0.85548657,-0.08577754,0.50221664,-0.41762805,0.53169531,0.17405838,0.64381093,0.00000000,0.00000000,0.00000000,-0.58180511,-0.95827997,-0.10893919,0.86572915,0.00000000,0.00000000,0.00000000
-1.22032785,0.32859769,0.82337707,0.27330723,-0.03019864,0.02614475,0.96109712,-1.99758983,0.42982283,-0.57185948,0.31680894,0.28452072,0.00000000,-0.28946304,-0.51253361,-0.22642341,0.57655197,-0.08957015,0.00000000,0.63405526,-0.18033201,0.51782972,-0.59665799,0.66366482,0.23967752,0.58679289,0.00000000,0.00000000,0.00000000,-0.39652810,-0.91073829,-0.12767848,0.99924052,0.00000000,0.00000000,0.00000000
-1.20345426,0.31531176,0.82967800,0.27534351,-0.02695142,0.17134166,0.94556946,-2.04438090,0.54933900,-0.64829040,0.32290974,0.29323342,0.00000000,-0.19502376,-0.53559816,-0.24105899,0.56052887,-0.07700773,0.00000000,0.39909679,-0.25573382,0.50093067,-0.76233947,0.78576869,0.29243243,0.51780754,0.00000000,0.00000000,0.00000000,-0.17387711,-0.83211601,-0.13685974,1.12814665,0.00000000,0.00000000,0.00000000
-1.18475449,0.31774652,0.83398670,0.27620950,-0.02564005,0.29968894,0.91281837,-2.01936531,0.67793161,-0.70517868,0.35737190,0.30282772,0.00000000,-0.10660674,-0.53742504,-0.25859115,0.53676081,-0.06541437,0.00000000,0.16390181,-0.30770850,0.43432254,-0.90696818,0.86915010,0.31726691,0.43750578,0.00000000,0.00000000,0.00000000,0.06065720,-0.72650903,-0.13905491,1.24679279,0.00000000,0.00000000,0.00000000
-1.16687667,0.32784820,0.83706921,0.26851994,-0.01703931,0.40640712,0.87317806,-1.93034101,0.78892732,-0.72948128,0.41944900,0.31372023,0.00000000,-0.04975499,-0.50750816,-0.28205979,0.50674057,-0.05463182,0.00000000,-0.04326081,-0.33339161,0.33083352,-1.02248299,0.89661992,0.30369943,0.35016787,0.00000000,0.00000000,0.00000000,0.26561928,-0.60719866,-0.13758552,1.34599400,0.00000000,0.00000000,0.00000000
-1.15985799,0.34023094,0.83681947,0.25226146,-0.00415398,0.47537664,0.84283090,-1.79178524,0.84954518,-0.71164155,0.52430093,0.32749435,0.00000000,-0.04017538,-0.46361998,-0.30479336,0.47322625,-0.04567136,0.00000000,-0.20111239,-0.31319591,0.22774437,-1.10418236,0.86357552,0.25024474,0.25820908,0.00000000,0.00000000,0.00000000,0.40384942,-0.48633119,-0.13434735,1.41603160,0.00000000,0.00000000,0.00000000
-1.16950047,0.35412231,0.83707172,0.22181432,0.01593587,0.54322940,0.80959636,-1.61635661,0.86376852,-0.65190822,0.66845518,0.34444228,0.00000000,-0.06908306,-0.41753501,-0.32339177,0.43899459,-0.03839615,0.00000000,-0.32072756,-0.23882748,0.14620447,-1.15439415,0.77355969,0.16136785,0.16057496,0.00000000,0.00000000,0.00000000,0.46558321,-0.36891857,-0.13002680,1.45508969,0.00000000,0.00000000,0.00000000
-1.18350601,0.36459452,0.83024520,0.18578552,0.03898322,0.60763299,0.77119792,-1.41517925,0.83592510,-0.55628914,0.81131822,0.36189157,0.00000000,-0.11684977,-0.36656901,-0.34002444,0.40516505,-0.03129036,0.00000000,-0.40988338,-0.13539191,0.08847902,-1.17392111,0.63866472,0.04753086,0.06062267,0.00000000,0.00000000,0.00000000,0.45950899,-0.26878321,-0.12627015,1.46558928,0.00000000,0.00000000,0.00000000
-1.19578755,0.37845078,0.82820672,0.14113186,0.05609871,0.66387033,0.73226428,-1.19399750,0.77371323,-0.43653646,0.93000227,0.37707815,0.00000000,-0.17486310,-0.30669385,-0.35695305,0.37400654,-0.02316027,0.00000000,-0.47160885,-0.01984935,0.05179671,-1.16005468,0.47480518,-0.08354937,-0.03267834,0.00000000,0.00000000,0.00000000,0.39862433,-0.20102772,-0.12484829,1.44967139,0.00000000,0.00000000,0.00000000
-1.21152675,0.38658023,0.82813090,0.08861581,0.06228663,0.71186596,0.69391245,-0.97498327,0.67978966,-0.30772233,1.00632513,0.38617527,0.00000000,-0.23765565,-0.25105560,-0.36940336,0.35031015,-0.01443959,0.00000000,-0.50479120,0.09745912,0.03405110,-1.11236429,0.30603334,-0.22482511,-0.10323414,0.00000000,0.00000000,0.00000000,0.29501307,-0.17738955,-0.12786397,1.40682375,0.00000000,0.00000000,0.00000000
-1.23069155,0.39529642,0.82642645,0.04229408,0.06518085,0.75688052,0.64891797,-0.77854943,0.57664543,-0.19468807,1.02801526,0.38619822,0.00000000,-0.29112247,-0.21494976,-0.37049678,0.34020635,-0.00595358,0.00000000,-0.51478267,0.20413315,0.02319218,-1.04403830,0.16354750,-0.36338046,-0.13905349,0.00000000,0.00000000,0.00000000,0.17465529,-0.20404939,-0.13812123,1.34354854,0.00000000,0.00000000,0.00000000
-1.25115848,0.40791476,0.82120234,0.00249543,0.06749660,0.79403716,0.60410506,-0.60813725,0.48552513,-0.10677063,1.00167322,0.37769562,0.00000000,-0.33745778,-0.18884532,-0.36235756,0.34711224,0.00193700,0.00000000,-0.51634270,0.29376566,0.01293233,-0.97388947,0.06400267,-0.48571733,-0.14191999,0.00000000,0.00000000,0.00000000,0.06076127,-0.26614425,-0.15587500,1.27006471,0.00000000,0.00000000,0.00000000
-1.26584828,0.41199079,0.81548625,-0.02647228,0.06370974,0.83460087,0.54651773,-0.46855325,0.41824082,-0.04071282,0.94016361,0.36286932,0.00000000,-0.38653609,-0.16160375,-0.34887728,0.37439924,0.00946801,0.00000000,-0.52245539,0.35854727,0.00290030,-0.91896433,0.00803631,-0.58442539,-0.13053423,0.00000000,0.00000000,0.00000000,-0.03215269,-0.32994983,-0.17710821,1.19564891,0.00000000,0.00000000,0.00000000
-1.27442467,0.40960577,0.81002873,-0.04490577,0.05853679,0.87825960,0.47245842,-0.36385632,0.38464233,0.00763915,0.85912329,0.34478575,0.00000000,-0.43369192,-0.14204870,-0.32818893,0.42396581,0.01698372,0.00000000,-0.53357178,0.39115366,-0.00873723,-0.88655907,-0.01016573,-0.65986311,-0.12167102,0.00000000,0.00000000,0.00000000,-0.10491111,-0.38472977,-0.20045879,1.12249136,0.00000000,0.00000000,0.00000000
-1.27903950,0.40632710,0.80000061,-0.05859492,0.05110226,0.91794735,0.38900882,-0.29334399,0.38617244,0.04295759,0.76862806,0.32572734,0.00000000,-0.47907734,-0.14351699,-0.30019411,0.48843911,0.02406624,0.00000000,-0.54118794,0.39516747,-0.01919618,-0.87977982,0.00039961,-0.71416557,-0.11737051,0.00000000,0.00000000,0.00000000,-0.17081402,-0.43648592,-0.22709495,1.04744434,0.00000000,0.00000000,0.00000000
-1.27977312,0.39977041,0.78805166,-0.07397293,0.04357141,0.94652772,0.31099004,-0.25620797,0.40941918,0.07546798,0.67004561,0.30642316,0.00000000,-0.52477682,-0.15706058,-0.27343541,0.55409819,0.03023842,0.00000000,-0.53263062,0.38044834,-0.02387151,-0.89818269,0.02577400,-0.74839509,-0.11524796,0.00000000,0.00000000,0.00000000,-0.24374451,-0.49435574,-0.25923136,0.96895188,0.00000000,0.00000000,0.00000000
-1.27754295,0.38951313,0.77880377,-0.08826767,0.03455084,0.96482271,0.24521874,-0.24985057,0.43861029,0.11446232,0.56734765,0.28728250,0.00000000,-0.56420529,-0.17795408,-0.25026947,0.61698788,0.03607695,0.00000000,-0.50319546,0.35915521,-0.01658429,-0.93062425,0.05125546,-0.76816666,-0.11465652,0.00000000,0.00000000,0.00000000,-0.32582352,-0.56667763,-0.30040777,0.89164883,0.00000000,0.00000000,0.00000000
-1.27546489,0.38008177,0.77317029,-0.09843025,0.02514344,0.97618890,0.19166252,-0.26423186,0.46970314,0.15921533,0.47301996,0.26937103,0.00000000,-0.60235041,-0.20969595,-0.22977072,0.68045282,0.04199157,0.00000000,-0.45882374,0.33264986,0.00774531,-0.95961618,0.07294406,-0.78254342,-0.11741642,0.00000000,0.00000000,0.00000000,-0.40381956,-0.64909410,-0.35166112,0.82499766,0.00000000,0.00000000,0.00000000
-1.26498234,0.37416545,0.77260977,-0.10047752,0.01382631,0.98503870,0.13932639,-0.28751644,0.50356454,0.20263147,0.39854953,0.25322655,0.00000000,-0.65083385,-0.24762739,-0.21581975,0.74067217,0.04709240,0.00000000,-0.40663707,0.29908714,0.05040988,-0.97481477,0.09383298,-0.79466188,-0.12493116,0.00000000,0.00000000,0.00000000,-0.46383265,-0.73001802,-0.41056743,0.77586240,0.00000000,0.00000000,0.00000000
-1.25364029,0.37169674,0.77378803,-0.09739334,0.00387245,0.99068338,0.09511066,-0.31018853,0.53547293,0.24091940,0.34854335,0.23870094,0.00000000,-0.70317107,-0.28061834,-0.21107917,0.78526235,0.04867235,0.00000000,-0.35221994,0.26419666,0.09378828,-0.97641253,0.11374037,-0.80192554,-0.13915530,0.00000000,0.00000000,0.00000000,-0.50186425,-0.80005246,-0.47288916,0.74442327,0.00000000,0.00000000,0.00000000
-1.24992108,0.37553808,0.76929098,-0.09112000,-0.00134826,0.99397075,0.06097127,-0.32344592,0.56565136,0.27238941,0.32554442,0.22549282,0.00000000,-0.73897183,-0.29895136,-0.21418363,0.81248093,0.04537906,0.00000000,-0.30131868,0.22827895,0.11007597,-0.96760726,0.13001683,-0.80298418,-0.16262725,0.00000000,0.00000000,0.00000000,-0.51843196,-0.85170805,-0.53400362,0.72675633,0.00000000,0.00000000,0.00000000
-1.25544024,0.38721049,0.75822634,-0.08870088,-0.00204830,0.99546373,0.03435085,-0.33193216,0.59842247,0.29660115,0.32478952,0.21272451,0.00000000,-0.74512976,-0.30126232,-0.21907231,0.83687037,0.03932991,0.00000000,-0.25423023,0.18682386,0.09480229,-0.95337558,0.14300480,-0.79834527,-0.19693233,0.00000000,0.00000000,0.00000000,-0.51609826,-0.88069075,-0.59109730,0.71860945,0.00000000,0.00000000,0.00000000
-1.26016009,0.40106049,0.74179566,-0.08499851,-0.00435428,0.99631268,0.01083157,-0.34583467,0.63689679,0.31438521,0.33793491,0.19950669,0.00000000,-0.73665291,-0.30061281,-0.21749762,0.87284017,0.03270655,0.00000000,-0.21147089,0.14424124,0.07831664,-0.93836576,0.15355967,-0.78916186,-0.23714860,0.00000000,0.00000000,0.00000000,-0.50096101,-0.88932234,-0.64405751,0.71622378,0.00000000,0.00000000,0.00000000
-1.25829411,0.41205257,0.72373486,0.07513306,0.00956090,-0.99711096,0.00577585,-0.36303449,0.67804146,0.32794860,0.36003697,0.18585712,0.00000000,-0.73889440,-0.29796228,-0.21788171,0.90976644,0.02541316,0.00000000,-0.17437834,0.10747137,0.07776397,-0.92458487,0.15906391,-0.77378786,-0.27859896,0.00000000,0.00000000,0.00000000,-0.47961390,-0.88218814,-0.69253731,0.71659946,0.00000000,0.00000000,0.00000000
-1.25809753,0.41851565,0.70929635,0.07225087,0.01449169,-0.99723738,0.00934930,-0.37784415,0.71907187,0.33883357,0.38762945,0.17205013,0.00000000,-0.74485272,-0.29226315,-0.22446015,0.94049799,0.01770686,0.00000000,-0.14081408,0.07874474,0.07964949,-0.90805185,0.15914983,-0.75487041,-0.32029292,0.00000000,0.00000000,0.00000000,-0.45611560,-0.86365873,-0.73548555,0.71736258,0.00000000,0.00000000,0.00000000
-1.26125717,0.42288560,0.69906032,0.07045189,0.01799493,-0.99732888,0.00691738,-0.38699779,0.76114661,0.34690419,0.41889381,0.15833797,0.00000000,-0.74694484,-0.28699186,-0.23354565,0.96579677,0.01059670,0.00000000,-0.11105472,0.05525323,0.07627890,-0.88824922,0.15789223,-0.73656684,-0.35787514,0.00000000,0.00000000,0.00000000,-0.43269068,-0.83768708,-0.77196670,0.71665508,0.00000000,0.00000000,0.00000000
-1.26232481,0.42539370,0.69306213,0.06635998,0.02116910,-0.99757034,0.00129577,-0.39245966,0.80000114,0.35439247,0.45130518,0.14495823,0.00000000,-0.75048476,-0.28355622,-0.24335037,0.98575109,0.00478994,0.00000000,-0.08718861,0.03581115,0.07170040,-0.86793768,0.15869147,-0.72215366,-0.38516954,0.00000000,0.00000000,0.00000000,-0.41218701,-0.80934691,-0.80189210,0.71282071,0.00000000,0.00000000,0.00000000
-1.26201892,0.42383671,0.69079709,0.06567620,0.02477278,-0.99749148,-0.00914595,-0.39422071,0.83115506,0.36305690,0.48277995,0.13202190,0.00000000,-0.75455016,-0.28182319,-0.25306702,0.99884862,0.00067461,0.00000000,-0.07072253,0.02307167,0.06385332,-0.85105348,0.16040733,-0.71188682,-0.40129009,0.00000000,0.00000000,0.00000000,-0.39662796,-0.78249538,-0.82542878,0.70517808,0.00000000,0.00000000,0.00000000
-1.26453483,0.42055520,0.68871635,0.06526741,0.02779661,-0.99728012,-0.01999678,-0.38990673,0.85531878,0.37204987,0.51260936,0.11956267,0.00000000,-0.75492257,-0.28245741,-0.25992188,1.00498617,-0.00154410,0.00000000,-0.05955090,0.01884578,0.05162980,-0.84044981,0.15969481,-0.70556831,-0.40989321,0.00000000,0.00000000,0.00000000,-0.38668481,-0.75756890,-0.84170699,0.69483465,0.00000000,0.00000000,0.00000000
-1.26730406,0.41518018,0.68934286,0.06511351,0.02947168,-0.99692601,-0.03209653,-0.38144246,0.87091053,0.38188025,0.54013455,0.10745654,0.00000000,-0.75137490,-0.28388631,-0.26271358,1.00504839,-0.00172944,0.00000000,-0.04729584,0.02067724,0.04196795,-0.83262497,0.15655933,-0.70556122,-0.41415471,0.00000000,0.00000000,0.00000000,-0.38235128,-0.73433411,-0.85002977,0.68314862,0.00000000,0.00000000,0.00000000
-1.26898813,0.40863967,0.69001251,0.06444000,0.03066058,-0.99656516,-0.04201511,-0.37140015,0.87993431,0.39186537,0.56455541,0.09554091,0.00000000,-0.74668419,-0.28474411,-0.26158014,1.00059879,0.00011050,0.00000000,-0.03460567,0.02661756,0.03789458,-0.82731950,0.15281171,-0.71095991,-0.41538662,0.00000000,0.00000000,0.00000000,-0.38230342,-0.71429092,-0.85228425,0.67096537,0.00000000,0.00000000,0.00000000
-1.27056587,0.40120295,0.69095904,0.06166568,0.03121851,-0.99632657,-0.05055818,-0.36061397,0.88422501,0.40120149,0.58578581,0.08380190,0.00000000,-0.74091512,-0.28449389,-0.25651845,0.99290609,0.00393279,0.00000000,-0.02482803,0.03494189,0.03788577,-0.82475096,0.14967637,-0.71899933,-0.41487223,0.00000000,0.00000000,0.00000000,-0.38399187,-0.69859540,-0.85107386,0.65882123,0.00000000,0.00000000,0.00000000
-1.27138638,0.39397654,0.69233096,0.05864088,0.03164337,-0.99610561,-0.05773663,-0.35012403,0.88417059,0.41014159,0.60383457,0.07221272,0.00000000,-0.73397356,-0.28285095,-0.24811968,0.98198986,0.00958908,0.00000000,-0.01867308,0.04309364,0.03910336,-0.82430917,0.14821954,-0.72511059,-0.41318613,0.00000000,0.00000000,0.00000000,-0.38597468,-0.68786669,-0.84829569,0.64652574,0.00000000,0.00000000,0.00000000
-1.27196622,0.38641897,0.69434047,0.05585457,0.03193459,-0.99592525,-0.06319264,-0.34007087,0.88010794,0.41902092,0.61912936,0.06090594,0.00000000,-0.72550350,-0.27993938,-0.23707190,0.96761489,0.01694287,0.00000000,-0.01613489,0.05071250,0.03964122,-0.82470053,0.14884949,-0.72671598,-0.40993643,0.00000000,0.00000000,0.00000000,-0.38793743,-0.68167752,-0.84465802,0.63377362,0.00000000,0.00000000,0.00000000
-1.27249765,0.37887406,0.69627029,0.05263809,0.03164687,-0.99579298,-0.06800033,-0.32935637,0.87313664,0.42767623,0.63210583,0.05005021,0.00000000,-0.71558905,-0.27658936,-0.22430183,0.94975716,0.02591950,0.00000000,-0.01583402,0.05742493,0.04027422,-0.82479298,0.15071706,-0.72447008,-0.40591958,0.00000000,0.00000000,0.00000000,-0.38940921,-0.67749828,-0.83977449,0.62073791,0.00000000,0.00000000,0.00000000
-1.27286708,0.37134483,0.69844890,0.04928074,0.03146806,-0.99568975,-0.07199388,-0.31779504,0.86385131,0.43637517,0.64304149,0.03977287,0.00000000,-0.70396489,-0.27339348,-0.21110184,0.92826098,0.03653187,0.00000000,-0.01540870,0.06348535,0.04299556,-0.82438737,0.15250720,-0.72078347,-0.40334469,0.00000000,0.00000000,0.00000000,-0.39011478,-0.67265689,-0.83300608,0.60790247,0.00000000,0.00000000,0.00000000
-1.27235246,0.36272135,0.70111811,0.04536497,0.03064822,-0.99552768,-0.07698955,-0.30457893,0.85231137,0.44561011,0.65238053,0.03029431,0.00000000,-0.69030982,-0.27118289,-0.19826548,0.90263289,0.04869048,0.00000000,-0.01257439,0.06956707,0.04990666,-0.82274199,0.15333946,-0.71825099,-0.40457600,0.00000000,0.00000000,0.00000000,-0.38926598,-0.66452074,-0.82361335,0.59597510,0.00000000,0.00000000,0.00000000
-1.27242589,0.35327089,0.70454419,-0.04096942,-0.03051194,0.99530864,0.08216575,-0.28901362,0.83956993,0.45548332,0.66016364,0.02175820,0.00000000,-0.67316848,-0.26976490,-0.18666852,0.87240618,0.06236305,0.00000000,-0.00931475,0.07468119,0.05698786,-0.81901133,0.15578537,-0.71569073,-0.41016299,0.00000000,0.00000000,0.00000000,-0.38500309,-0.65239370,-0.81203955,0.58452457,0.00000000,0.00000000,0.00000000
-1.27201295,0.34220833,0.70869088,-0.03664649,-0.03063562,0.99492562,0.08855212,-0.27285019,0.82574290,0.46670625,0.66566741,0.01411499,0.00000000,-0.65380609,-0.26955426,-0.17636509,0.83688825,0.07734414,0.00000000,-0.00810118,0.07918422,0.06242122,-0.81234759,0.16384950,-0.71128398,-0.41723022,0.00000000,0.00000000,0.00000000,-0.37650308,-0.63698685,-0.79878443,0.57259554,0.00000000,0.00000000,0.00000000
-1.27063453,0.32925388,0.71340734,-0.03261837,-0.03143277,0.99442095,0.09526288,-0.25550425,0.80990338,0.47970530,0.66799974,0.00744505,0.00000000,-0.63332731,-0.27021846,-0.16749921,0.79543060,0.09335770,0.00000000,-0.00892225,0.08282564,0.06743930,-0.80426514,0.17701726,-0.70594257,-0.42464435,0.00000000,0.00000000,0.00000000,-0.36485612,-0.61695641,-0.78282195,0.55987960,0.00000000,0.00000000,0.00000000
-1.26920724,0.31421387,0.71802664,-0.02851981,-0.03199728,0.99355650,0.10492033,-0.23515607,0.79076672,0.49483028,0.66605681,0.00197788,0.00000000,-0.61195844,-0.27138400,-0.16011283,0.74736261,0.11001366,0.00000000,-0.00949286,0.08466724,0.07320111,-0.79667532,0.19226553,-0.70201105,-0.43350393,0.00000000,0.00000000,0.00000000,-0.35151193,-0.58830810,-0.76158726,0.54700643,0.00000000,0.00000000,0.00000000
-1.26769507,0.29693854,0.72446311,-0.02559768,-0.03352667,0.99235505,0.11598347,-0.21191575,0.76840180,0.51240486,0.65816522,-0.00211098,0.00000000,-0.58946282,-0.27133274,-0.15547146,0.69216800,0.12683195,0.00000000,-0.01149998,0.08597693,0.07886624,-0.78705597,0.20985685,-0.70028830,-0.44329879,0.00000000,0.00000000,0.00000000,-0.33591804,-0.55125892,-0.73531437,0.53502530,0.00000000,0.00000000,0.00000000
-1.26407599,0.27774388,0.73179215,-0.02403743,-0.03500567,0.99051064,0.13071132,-0.18637219,0.74247235,0.53282768,0.64321500,-0.00466474,0.00000000,-0.56601566,-0.26814574,-0.15559155,0.62944132,0.14324562,0.00000000,-0.01481076,0.08905534,0.08448327,-0.76941884,0.23151028,-0.70136291,-0.45270652,0.00000000,0.00000000,0.00000000,-0.31842202,-0.50875753,-0.70503920,0.52533042,0.00000000,0.00000000,0.00000000
-1.26037908,0.25560260,0.74193299,-0.02505487,-0.03758552,0.98755729,0.15063250,-0.15821072,0.71198982,0.55611253,0.62153924,-0.00563945,0.00000000,-0.54231769,-0.25946665,-0.16236332,0.55957341,0.15877064,0.00000000,-0.01833257,0.09654675,0.08734678,-0.73897731,0.25754583,-0.70464587,-0.46049586,0.00000000,0.00000000,0.00000000,-0.30051425,-0.46418148,-0.67154896,0.51833212,0.00000000,0.00000000,0.00000000
-1.25548649,0.23186933,0.75518882,-0.02793825,-0.04141986,0.98371518,0.17265093,-0.12978004,0.67686582,0.58233726,0.59458470,-0.00532023,0.00000000,-0.52086616,-0.24653623,-0.17492089,0.48636168,0.17306356,0.00000000,-0.02163285,0.10913978,0.08859008,-0.69759756,0.28592449,-0.70551121,-0.46489185,0.00000000,0.00000000,0.00000000,-0.28421998,-0.42091739,-0.63629770,0.51317900,0.00000000,0.00000000,0.00000000
-1.24883342,0.20614071,0.76568896,-0.02823878,-0.04662568,0.97922474,0.19531405,-0.10229661,0.64054888,0.61015308,0.56458378,-0.00390959,0.00000000,-0.50244081,-0.23563555,-0.18879862,0.42124575,0.18596843,0.00000000,-0.02572128,0.12530579,0.09190223,-0.65206671,0.31426561,-0.70019108,-0.46469077,0.00000000,0.00000000,0.00000000,-0.27059814,-0.38210246,-0.60121781,0.50935632,0.00000000,0.00000000,0.00000000
-1.24277103,0.18237734,0.77396685,-0.02599103,-0.05165310,0.97380722,0.21989983,-0.07571200,0.60936356,0.63704050,0.53379565,-0.00143123,0.00000000,-0.48410025,-0.22677554,-0.20165379,0.37895036,0.19736958,0.00000000,-0.02884664,0.14009973,0.09829485,-0.60488415,0.34177539,-0.68984330,-0.45959598,0.00000000,0.00000000,0.00000000,-0.25844836,-0.34782889,-0.56775612,0.50747973,0.00000000,0.00000000,0.00000000
-1.23594677,0.16384752,0.77889174,-0.02370038,-0.05703166,0.96840078,0.24163122,-0.05333518,0.58662403,0.66231751,0.50306791,0.00202441,0.00000000,-0.46406847,-0.21351728,-0.21468513,0.36752617,0.20733777,0.00000000,-0.02892822,0.14958002,0.10525580,-0.55719590,0.36850643,-0.67367744,-0.44931871,0.00000000,0.00000000,0.00000000,-0.24566247,-0.31754008,-0.53742689,0.50842124,0.00000000,0.00000000,0.00000000
-1.22896051,0.14936158,0.78278631,-0.02287362,-0.06196335,0.96299493,0.26130074,-0.03625016,0.56981814,0.68675047,0.47260195,0.00638006,0.00000000,-0.44096866,-0.19621316,-0.22802594,0.38503161,0.21628985,0.00000000,-0.02762746,0.15532057,0.11171672,-0.51021439,0.39202124,-0.65368956,-0.43486580,0.00000000,0.00000000,0.00000000,-0.23164603,-0.29292229,-0.51199687,0.51269746,0.00000000,0.00000000,0.00000000
-1.22132373,0.13560888,0.78691763,-0.02260795,-0.06578227,0.95823151,0.27740583,-0.02381981,0.55597019,0.71096289,0.44238874,0.01153562,0.00000000,-0.41283107,-0.18157357,-0.23988730,0.42067102,0.22421245,0.00000000,-0.02842064,0.16000536,0.11753507,-0.46645859,0.40908563,-0.63312155,-0.41884705,0.00000000,0.00000000,0.00000000,-0.21613471,-0.27447391,-0.49154162,0.51979733,0.00000000,0.00000000,0.00000000
-1.21373558,0.12399995,0.78993791,-0.02353667,-0.06822093,0.95486933,0.28812590,-0.01589055,0.54489124,0.73475283,0.41250509,0.01732231,0.00000000,-0.37791950,-0.17095083,-0.24982427,0.46000910,0.23062167,0.00000000,-0.03192974,0.16227740,0.12075397,-0.42737004,0.41840640,-0.61416465,-0.40430003,0.00000000,0.00000000,0.00000000,-0.19923298,-0.26033926,-0.47453457,0.52852303,0.00000000,0.00000000,0.00000000
-1.20598054,0.11448964,0.79237908,-0.02483543,-0.06919225,0.95244402,0.29571268,-0.01155645,0.53540730,0.75751740,0.38421676,0.02352561,0.00000000,-0.33917913,-0.16007215,-0.25953433,0.49042362,0.23489773,0.00000000,-0.03567808,0.16130199,0.12066808,-0.39092720,0.42108756,-0.59829432,-0.39215997,0.00000000,0.00000000,0.00000000,-0.18182795,-0.24969786,-0.46030411,0.53826636,0.00000000,0.00000000,0.00000000
-1.19869494,0.10709850,0.79392451,-0.02711311,-0.06882972,0.95022416,0.30265722,-0.01002188,0.52572155,0.77873957,0.35939321,0.02995897,0.00000000,-0.29845953,-0.14602087,-0.27006197,0.50435024,0.23650023,0.00000000,-0.03739027,0.15660535,0.11601932,-0.35538486,0.41912439,-0.58421737,-0.38189912,0.00000000,0.00000000,0.00000000,-0.16435525,-0.24309781,-0.44895130,0.54810721,0.00000000,0.00000000,0.00000000
-1.19124746,0.10068746,0.79430908,-0.02944805,-0.06502149,0.94792634,0.31038791,-0.01191591,0.51355225,0.79847014,0.33926144,0.03645363,0.00000000,-0.25687918,-0.13037549,-0.28053412,0.49733248,0.23490943,0.00000000,-0.03412839,0.15028380,0.10794783,-0.31916156,0.41312268,-0.57245076,-0.37307253,0.00000000,0.00000000,0.00000000,-0.14847875,-0.24053237,-0.43952590,0.55718875,0.00000000,0.00000000,0.00000000
-1.18435585,0.09533487,0.79433101,-0.03249715,-0.05941766,0.94539398,0.31881613,-0.01755675,0.49926779,0.81619650,0.32485729,0.04284623,0.00000000,-0.21526641,-0.11435019,-0.29052991,0.46778488,0.22995768,0.00000000,-0.02388498,0.14258383,0.09751934,-0.28247696,0.40437132,-0.56140232,-0.36532778,0.00000000,0.00000000,0.00000000,-0.13480623,-0.24187039,-0.43141600,0.56505942,0.00000000,0.00000000,0.00000000
-1.17634523,0.09114037,0.79365438,-0.03504119,-0.05142216,0.94172561,0.33057636,-0.02610688,0.48577783,0.83069402,0.31739801,0.04898299,0.00000000,-0.17717357,-0.09765837,-0.30104661,0.41664347,0.22187874,0.00000000,-0.00489492,0.13142745,0.08645499,-0.24466237,0.39478552,-0.55024874,-0.35775587,0.00000000,0.00000000,0.00000000,-0.12321889,-0.24593864,-0.42371500,0.57186592,0.00000000,0.00000000,0.00000000
-1.16854560,0.08936538,0.79261464,-0.03719747,-0.04431241,0.93718255,0.34400827,-0.03635296,0.47599247,0.84086525,0.31705686,0.05463909,0.00000000,-0.14717382,-0.08453865,-0.31132001,0.34952670,0.21174626,0.00000000,0.02284567,0.11942420,0.07730343,-0.20681657,0.38386759,-0.53985149,-0.34943756,0.00000000,0.00000000,0.00000000,-0.11558553,-0.25012636,-0.41380942,0.57784879,0.00000000,0.00000000,0.00000000
-1.15925765,0.08633304,0.79157847,-0.03837616,-0.03639742,0.93147945,0.35992855,-0.04892429,0.46793550,0.84715253,0.32286239,0.05962813,0.00000000,-0.12832123,-0.07682782,-0.32028440,0.28084296,0.20196995,0.00000000,0.05381455,0.11226890,0.07590561,-0.17191681,0.36981094,-0.53107727,-0.33871937,0.00000000,0.00000000,0.00000000,-0.11313200,-0.25613704,-0.40188816,0.58353364,0.00000000,0.00000000,0.00000000
-1.14787531,0.08202249,0.79135531,-0.03784807,-0.03038099,0.92665821,0.37275878,-0.06339213,0.46216261,0.84943807,0.33330941,0.06379337,0.00000000,-0.11917170,-0.07463759,-0.32655078,0.22543389,0.19441254,0.00000000,0.08199137,0.11222018,0.08420721,-0.14126956,0.35238832,-0.52522665,-0.32474345,0.00000000,0.00000000,0.00000000,-0.11563729,-0.26521772,-0.38859755,0.58909732,0.00000000,0.00000000,0.00000000
-1.13742828,0.07797576,0.79169685,-0.03748664,-0.02577436,0.92238009,0.38359538,-0.07845457,0.46000496,0.84729052,0.34772834,0.06711277,0.00000000,-0.11552203,-0.07747545,-0.32972741,0.18822706,0.18947424,0.00000000,0.10472345,0.11817531,0.09887906,-0.11700074,0.33270046,-0.52145022,-0.30929786,0.00000000,0.00000000,0.00000000,-0.12242363,-0.27681500,-0.37380680,0.59397280,0.00000000,0.00000000,0.00000000
-1.12572360,0.07247540,0.79158324,-0.03596668,-0.02234662,0.91884851,0.39233205,-0.09365862,0.46061870,0.84070724,0.36649433,0.06963642,0.00000000,-0.11886498,-0.08375870,-0.33082932,0.16772290,0.18678182,0.00000000,0.12228914,0.12825061,0.11990904,-0.09960165,0.31274572,-0.51864725,-0.29326618,0.00000000,0.00000000,0.00000000,-0.13198757,-0.29013109,-0.35793972,0.59836608,0.00000000,0.00000000,0.00000000
-1.11478150,0.06694911,0.79167718,-0.03206818,-0.01877971,0.91644228,0.39843756,-0.10613218,0.46295872,0.82922107,0.38972530,0.07139866,0.00000000,-0.12779352,-0.09176851,-0.33070040,0.16126642,0.18587334,0.00000000,0.13622740,0.14026622,0.14555256,-0.08776660,0.29411298,-0.51720923,-0.27747378,0.00000000,0.00000000,0.00000000,-0.14150168,-0.30311555,-0.34128979,0.60408098,0.00000000,0.00000000,0.00000000
-1.10482752,0.06299143,0.79164654,-0.02678395,-0.01519798,0.91478157,0.40277326,-0.11364133,0.46775335,0.81263977,0.41454580,0.07221005,0.00000000,-0.13808075,-0.10073794,-0.32961008,0.16471922,0.18626587,0.00000000,0.15020724,0.15049344,0.17277710,-0.07821894,0.27910748,-0.51751518,-0.26182905,0.00000000,0.00000000,0.00000000,-0.14848888,-0.31269148,-0.32354787,0.61292660,0.00000000,0.00000000,0.00000000
-1.09570193,0.05973696,0.79175895,-0.02106808,-0.01224953,0.91393125,0.40513676,-0.11522365,0.47399202,0.79201895,0.43709564,0.07180654,0.00000000,-0.14795446,-0.10880946,-0.32820600,0.17297481,0.18738507,0.00000000,0.16564943,0.15678702,0.20042111,-0.06824762,0.26824510,-0.52079350,-0.24702820,0.00000000,0.00000000,0.00000000,-0.15082709,-0.31655461,-0.30435202,0.62551492,0.00000000,0.00000000,0.00000000
-1.08851206,0.05689934,0.79247409,-0.01544501,-0.01031254,0.91316795,0.40716022,-0.10863571,0.48026478,0.76851207,0.45617858,0.07019392,0.00000000,-0.15511024,-0.11525860,-0.32673091,0.18171519,0.18867572,0.00000000,0.17869829,0.16036786,0.22219484,-0.05824929,0.25932646,-0.52799660,-0.23650147,0.00000000,0.00000000,0.00000000,-0.14738250,-0.31560892,-0.28472850,0.64069194,0.00000000,0.00000000,0.00000000
-1.08585763,0.05478274,0.79323775,-0.01151329,-0.00920119,0.91112244,0.41187215,-0.09254490,0.48808163,0.74304295,0.47216365,0.06772254,0.00000000,-0.15768816,-0.12070882,-0.32511520,0.18770027,0.18969300,0.00000000,0.18757677,0.16244552,0.22801989,-0.04963066,0.25210765,-0.53567421,-0.23229830,0.00000000,0.00000000,0.00000000,-0.13937892,-0.31276131,-0.26608726,0.65604681,0.00000000,0.00000000,0.00000000
-1.08356774,0.05219049,0.79344720,-0.00973900,-0.00814379,0.90910554,0.41637239,-0.06916015,0.49830645,0.71784806,0.48551884,0.06514759,0.00000000,-0.15829274,-0.12416805,-0.32402408,0.18931751,0.19019544,0.00000000,0.19307235,0.16292728,0.21902174,-0.04212989,0.24772513,-0.54158658,-0.23106478,0.00000000,0.00000000,0.00000000,-0.12888864,-0.30770043,-0.24834153,0.66972566,0.00000000,0.00000000,0.00000000
-1.08334172,0.04930044,0.79399508,-0.01008222,-0.00751892,0.90749991,0.41986394,-0.04204902,0.50818777,0.69608265,0.49679089,0.06330795,0.00000000,-0.15842170,-0.12584403,-0.32353094,0.18764685,0.19030282,0.00000000,0.19399057,0.16263828,0.20041701,-0.03645390,0.24501099,-0.54683626,-0.23116402,0.00000000,0.00000000,0.00000000,-0.11730772,-0.29982635,-0.23187239,0.68108964,0.00000000,0.00000000,0.00000000
-1.08408499,0.04607511,0.79415017,-0.01167765,-0.00802658,0.90658057,0.42179480,-0.01518991,0.51494110,0.67982382,0.50578046,0.06259339,0.00000000,-0.16013780,-0.12592584,-0.32366857,0.18467872,0.19021651,0.00000000,0.18961376,0.16252314,0.17868641,-0.03426263,0.24200642,-0.55239618,-0.23240304,0.00000000,0.00000000,0.00000000,-0.10634740,-0.28971192,-0.21772251,0.68963373,0.00000000,0.00000000,0.00000000
-1.08457077,0.04074214,0.79333776,-0.01289606,-0.00914368,0.90658218,0.42173311,0.00503907,0.51787329,0.67023057,0.51146173,0.06259525,0.00000000,-0.16365895,-0.12502226,-0.32422233,0.18227670,0.19009675,0.00000000,0.18395089,0.16264498,0.16254598,-0.03549425,0.23875220,-0.55669814,-0.23438114,0.00000000,0.00000000,0.00000000,-0.09905457,-0.28056374,-0.20803291,0.69435811,0.00000000,0.00000000,0.00000000
-1.08457077,0.04074214,0.79333776,-0.01248006,-0.00884878,0.90659225,0.42173028,0.00153777,0.50061083,0.64788955,0.50441301,0.05384207,0.00000000,-0.16153698,-0.12085485,-0.31341490,0.18620081,0.17709352,0.00000000,0.17781919,0.15722348,0.15712778,-0.02764444,0.23746046,-0.53814155,-0.19656843,0.00000000,0.00000000,0.00000000,-0.08908609,-0.27787828,-0.20109847,0.70121282,0.00000000,0.00000000,0.00000000
-1.08457077,0.04074214,0.79356748,-0.01206406,-0.00855388,0.90660203,0.42172751,-0.00196354,0.48334840,0.62554854,0.49736428,0.04508890,0.00000000,-0.15941502,-0.11668745,-0.30260751,0.19012491,0.16409031,0.00000000,0.17168750,0.15180199,0.15170959,-0.01979463,0.23616873,-0.51958495,-0.15875573,0.00000000,0.00000000,0.00000000,-0.07911760,-0.27519283,-0.19416405,0.70806760,0.00000000,0.00000000,0.00000000
-1.08457077,0.04074214,0.79379719,-0.01164807,-0.00825898,0.90661144,0.42172486,-0.00546484,0.46608597,0.60320753,0.49031556,0.03633572,0.00000000,-0.15729305,-0.11252004,-0.29180008,0.19404903,0.15108708,0.00000000,0.16555580,0.14638048,0.14629138,-0.01194482,0.23487698,-0.50102830,-0.12094302,0.00000000,0.00000000,0.00000000,-0.06914911,-0.27250737,-0.18722962,0.71492231,0.00000000,0.00000000,0.00000000
-1.08457077,0.04074214,0.79402691,-0.01123207,-0.00796406,0.90662050,0.42172229,-0.00896614,0.44882351,0.58086652,0.48326683,0.02758255,0.00000000,-0.15517108,-0.10835262,-0.28099269,0.19797313,0.13808385,0.00000000,0.15942410,0.14095898,0.14087318,-0.00409501,0.23358524,-0.48247173,-0.08313032,0.00000000,0.00000000,0.00000000,-0.05918063,-0.26982191,-0.18029518,0.72177702,0.00000000,0.00000000,0.00000000
-1.08457077,0.04074214,0.79425669,-0.01081607,-0.00766914,0.90662926,0.42171979,-0.01246744,0.43156108,0.55852544,0.47621810,0.01882937,0.00000000,-0.15304913,-0.10418522,-0.27018526,0.20189725,0.12508063,0.00000000,0.15329240,0.13553749,0.13545498,0.00375480,0.23229350,-0.46391511,-0.04531762,0.00000000,0.00000000,0.00000000,-0.04921215,-0.26713645,-0.17336075,0.72863173,0.00000000,0.00000000,0.00000000
-1.08457077,0.04074214,0.79448640,-0.01040008,-0.00737421,0.90663767,0.42171744,-0.01596875,0.41429862,0.53618443,0.46916938,0.01007620,0.00000000,-0.15092716,-0.10001781,-0.25937787,0.20582135,0.11207740,0.00000000,0.14716071,0.13011599,0.13003679,0.01160460,0.23100176,-0.44535851,-0.00750491,0.00000000,0.00000000,0.00000000,-0.03924366,-0.26445100,-0.16642633,0.73548651,0.00000000,0.00000000,0.00000000
-1.08457077,0.04074214,0.79471612,-0.00998408,-0.00707928,0.90664577,0.42171514,-0.01947005,0.39703619,0.51384342,0.46212065,0.00132302,0.00000000,-0.14880519,-0.09585040,-0.24857046,0.20974547,0.09907418,0.00000000,0.14102902,0.12469449,0.12461858,0.01945441,0.22971003,-0.42680192,0.03030779,0.00000000,0.00000000,0.00000000,-0.02927517,-0.26176554,-0.15949190,0.74234122,0.00000000,0.00000000,0.00000000
-1.08457077,0.04074214,0.79494590,-0.00956808,-0.00678434,0.90665352,0.42171293,-0.02297135,0.37977374,0.49150240,0.45507193,-0.00743015,0.00000000,-0.14668323,-0.09168299,-0.23776303,0.21366958,0.08607095,0.00000000,0.13489732,0.11927298,0.11920039,0.02730422,0.22841828,-0.40824530,0.06812049,0.00000000,0.00000000,0.00000000,-0.01930669,-0.25908008,-0.15255746,0.74919593,0.00000000,0.00000000,0.00000000
-1.08457077,0.04074214,0.79517561,-0.00915209,-0.00648940,0.90666097,0.42171085,-0.02647265,0.36251131,0.46916139,0.44802320,-0.01618333,0.00000000,-0.14456126,-0.08751559,-0.22695562,0.21759368,0.07306772,0.00000000,0.12876561,0.11385149,0.11378218,0.03515403,0.22712654,-0.38968870,0.10593320,0.00000000,0.00000000,0.00000000,-0.00933820,-0.25639462,-0.14562303,0.75605071,0.00000000,0.00000000,0.00000000
-1.08457077,0.04074214,0.79540533,-0.00873609,-0.00619445,0.90666807,0.42170882,-0.02997395,0.34524885,0.44682038,0.44097450,-0.02493650,0.00000000,-0.14243929,-0.08334818,-0.21614821,0.22151780,0.06006450,0.00000000,0.12263393,0.10842999,0.10836399,0.04300383,0.22583480,-0.37113211,0.14374591,0.00000000,0.00000000,0.00000000,0.00063028,-0.25370917,-0.13868861,0.76290542,0.00000000,0.00000000,0.00000000
-1.08457077,0.04074214,0.79563504,-0.00832010,-0.00589949,0.90667486,0.42170691,-0.03347526,0.32798642,0.42447937,0.43392578,-0.03368968,0.00000000,-0.14031734,-0.07918077,-0.20534080,0.22544190,0.04706128,0.00000000,0.11650223,0.10300849,0.10294579,0.05085364,0.22454306,-0.35257548,0.18155861,0.00000000,0.00000000,0.00000000,0.01059877,-0.25102371,-0.13175417,0.76976013,0.00000000,0.00000000,0.00000000
-1.08457077,0.04074214,0.79586482,-0.00790410,-0.00560454,0.90668130,0.42170510,-0.03697656,0.31072396,0.40213835,0.42687705,-0.04244285,0.00000000,-0.13819537,-0.07501335,-0.19453339,0.22936602,0.03405805,0.00000000,0.11037053,0.09758699,0.09752759,0.05870345,0.22325133,-0.33401889,0.21937132,0.00000000,0.00000000,0.00000000,0.02056726,-0.24833825,-0.12481974,0.77661484,0.00000000,0.00000000,0.00000000
-1.08457077,0.04074214,0.79609454,-0.00748810,-0.00530957,0.90668738,0.42170337,-0.04047786,0.29346153,0.37979731,0.41982833,-0.05119603,0.00000000,-0.13607341,-0.07084595,-0.18372598,0.23329012,0.02105482,0.00000000,0.10423884,0.09216549,0.09210939,0.06655326,0.22195958,-0.31546229,0.25718403,0.00000000,0.00000000,0.00000000,0.03053574,-0.24565278,-0.11788531,0.78346962,0.00000000,0.00000000,0.00000000
-1.08457077,0.04074214,0.79632425,-0.00707211,-0.00501461,0.90669316,0.42170173,-0.04397916,0.27619907,0.35745630,0.41277960,-0.05994920,0.00000000,-0.13395144,-0.06667854,-0.17291857,0.23721424,0.00805160,0.00000000,0.09810714,0.08674399,0.08669119,0.07440307,0.22066784,-0.29690567,0.29499674,0.00000000,0.00000000,0.00000000,0.04050423,-0.24296732,-0.11095088,0.79032433,0.00000000,0.00000000,0.00000000
-1.08457077,0.04074214,0.79655403,-0.00665611,-0.00471964,0.90669858,0.42170018,-0.04748046,0.25893664,0.33511528,0.40573087,-0.06870238,0.00000000,-0.13182947,-0.06251113,-0.16211116,0.24113835,-0.00495162,0.00000000,0.09197544,0.08132249,0.08127299,0.08225287,0.21937610,-0.27834907,0.33280942,0.00000000,0.00000000,0.00000000,0.05047271,-0.24028187,-0.10401645,0.79717904,0.00000000,0.00000000,0.00000000
-1.08457077,0.04074214,0.79678375,-0.00624011,-0.00442467,0.90670371,0.42169875,-0.05098177,0.24167420,0.31277427,0.39868215,-0.07745555,0.00000000,-0.12970752,-0.05834372,-0.15130375,0.24506246,-0.01795485,0.00000000,0.08584375,0.07590099,0.07585479,0.09010269,0.21808437,-0.25979248,0.37062213,0.00000000,0.00000000,0.00000000,0.06044120,-0.23759641,-0.09708203,0.80403376,0.00000000,0.00000000,0.00000000
-1.08457077,0.04074214,0.79701346,-0.00582411,-0.00412969,0.90670854,0.42169738,-0.05448307,0.22441176,0.29043326,0.39163342,-0.08620872,0.00000000,-0.12758555,-0.05417631,-0.14049634,0.24898657,-0.03095808,0.00000000,0.07971205,0.07047949,0.07043659,0.09795249,0.21679261,-0.24123587,0.40843484,0.00000000,0.00000000,0.00000000,0.07040969,-0.23491095,-0.09014759,0.81088853,0.00000000,0.00000000,0.00000000
-1.08457077,0.04074214,0.79724318,-0.00540811,-0.00383472,0.90671295,0.42169613,-0.05798437,0.20714931,0.26809222,0.38458470,-0.09496190,0.00000000,-0.12546358,-0.05000890,-0.12968893,0.25291067,-0.04396130,0.00000000,0.07358035,0.06505799,0.06501839,0.10580231,0.21550088,-0.22267926,0.44624755,0.00000000,0.00000000,0.00000000,0.08037817,-0.23222549,-0.08321317,0.81774324,0.00000000,0.00000000,0.00000000
-1.08457077,0.04074214,0.79747295,-0.00499211,-0.00353974,0.90671712,0.42169496,-0.06148567,0.18988687,0.24575120,0.37753597,-0.10371508,0.00000000,-0.12334161,-0.04584150,-0.11888152,0.25683478,-0.05696452,0.00000000,0.06744866,0.05963649,0.05960019,0.11365211,0.21420914,-0.20412265,0.48406026,0.00000000,0.00000000,0.00000000,0.09034666,-0.22954004,-0.07627873,0.82459795,0.00000000,0.00000000,0.00000000
-1.08457077,0.04074214,0.79770267,-0.00457611,-0.00324476,0.90672088,0.42169389,-0.06498697,0.17262442,0.22341019,0.37048724,-0.11246825,0.00000000,-0.12121965,-0.04167409,-0.10807411,0.26075891,-0.06996775,0.00000000,0.06131696,0.05421500,0.05418199,0.12150192,0.21291740,-0.18556605,0.52187294,0.00000000,0.00000000,0.00000000,0.10031514,-0.22685458,-0.06934430,0.83145273,0.00000000,0.00000000,0.00000000
-1.08457077,0.04074214,0.79793239,-0.00416011,-0.00294978,0.90672439,0.42169291,-0.06848828,0.15536198,0.20106918,0.36343852,-0.12122142,0.00000000,-0.11909769,-0.03750668,-0.09726670,0.26468301,-0.08297098,0.00000000,0.05518527,0.04879349,0.04876379,0.12935172,0.21162567,-0.16700944,0.55968565,0.00000000,0.00000000,0.00000000,0.11028363,-0.22416912,-0.06240987,0.83830744,0.00000000,0.00000000,0.00000000
-1.08457077,0.04074214,0.79816216,-0.00374410,-0.00265480,0.90672749,0.42169201,-0.07198958,0.13809954,0.17872815,0.35638979,-0.12997460,0.00000000,-0.11697572,-0.03333927,-0.08645929,0.26860711,-0.09597420,0.00000000,0.04905357,0.04337199,0.04334559,0.13720153,0.21033391,-0.14845283,0.59749836,0.00000000,0.00000000,0.00000000,0.12025211,-0.22148366,-0.05547544,0.84516215,0.00000000,0.00000000,0.00000000
-1.08457077,0.04074214,0.79839188,-0.00332810,-0.00235982,0.90673029,0.42169121,-0.07549088,0.12083710,0.15638714,0.34934106,-0.13872777,0.00000000,-0.11485375,-0.02917186,-0.07565188,0.27253124,-0.10897742,0.00000000,0.04292187,0.03795050,0.03792740,0.14505135,0.20904218,-0.12989624,0.63531107,0.00000000,0.00000000,0.00000000,0.13022059,-0.21879821,-0.04854101,0.85201687,0.00000000,0.00000000,0.00000000
-1.08457077,0.04074214,0.79862159,-0.00291209,-0.00206484,0.90673280,0.42169052,-0.07899219,0.10357466,0.13404611,0.34229234,-0.14748095,0.00000000,-0.11273179,-0.02500445,-0.06484447,0.27645534,-0.12198065,0.00000000,0.03679018,0.03252900,0.03250920,0.15290116,0.20775044,-0.11133963,0.67312378,0.00000000,0.00000000,0.00000000,0.14018908,-0.21611275,-0.04160658,0.85887164,0.00000000,0.00000000,0.00000000
-1.08457077,0.04074214,0.79885131,-0.00249608,-0.00176986,0.90673494,0.42168993,-0.08249349,0.08631221,0.11170509,0.33524361,-0.15623413,0.00000000,-0.11060982,-0.02083704,-0.05403705,0.28037944,-0.13498387,0.00000000,0.03065848,0.02710750,0.02709100,0.16075096,0.20645870,-0.09278303,0.71093649,0.00000000,0.00000000,0.00000000,0.15015757,-0.21342729,-0.03467215,0.86572635,0.00000000,0.00000000,0.00000000
-1.08457077,0.04074214,0.79908109,-0.00208007,-0.00147488,0.90673673,0.42168939,-0.08599479,0.06904977,0.08936407,0.32819489,-0.16498730,0.00000000,-0.10848786,-0.01666963,-0.04322964,0.28430355,-0.14798710,0.00000000,0.02452678,0.02168600,0.02167280,0.16860077,0.20516697,-0.07422642,0.74874920,0.00000000,0.00000000,0.00000000,0.16012606,-0.21074183,-0.02773772,0.87258106,0.00000000,0.00000000,0.00000000
-1.08457077,0.04074214,0.79931080,-0.00166406,-0.00117990,0.90673822,0.42168897,-0.08949609,0.05178733,0.06702305,0.32114616,-0.17374048,0.00000000,-0.10636590,-0.01250223,-0.03242223,0.28822768,-0.16099033,0.00000000,0.01839509,0.01626450,0.01625460,0.17645058,0.20387521,-0.05566981,0.78656191,0.00000000,0.00000000,0.00000000,0.17009455,-0.20805638,-0.02080329,0.87943584,0.00000000,0.00000000,0.00000000
-1.08457077,0.04074214,0.79954052,-0.00124805,-0.00088492,0.90673941,0.42168865,-0.09299739,0.03452488,0.04468204,0.31409743,-0.18249366,0.00000000,-0.10424393,-0.00833482,-0.02161482,0.29215178,-0.17399354,0.00000000,0.01226339,0.01084300,0.01083640,0.18430038,0.20258348,-0.03711321,0.82437462,0.00000000,0.00000000,0.00000000,0.18006302,-0.20537092,-0.01386886,0.88629055,0.00000000,0.00000000,0.00000000
-1.08457077,0.04074214,0.79977030,-0.00083203,-0.00058994,0.90674025,0.42168841,-0.09649870,0.01726244,0.02234102,0.30704874,-0.19124682,0.00000000,-0.10212196,-0.00416741,-0.01080741,0.29607588,-0.18699677,0.00000000,0.00613170,0.00542150,0.00541820,0.19215019,0.20129174,-0.01855660,0.86218727,0.00000000,0.00000000,0.00000000,0.19003151,-0.20268546,-0.00693443,0.89314526,0.00000000,0.00000000,0.00000000
-1.08457077,0.04074214,0.80000001,-0.00041602,-0.00029497,0.90674073,0.42168829,-0.10000000,0.00000000,0.00000000,0.30000001,-0.20000000,0.00000000,-0.10000000,0.00000000,0.00000000,0.30000001,-0.20000000,0.00000000,0.00000000,0.00000000,0.00000000,0.20000000,0.20000000,0.00000000,0.89999998,0.00000000,0.00000000,0.00000000,0.20000000,-0.20000000,0.00000000,0.89999998,0.00000000,0.00000000,0.00000000
-1.08457077,0.04074214,0.80000001,-0.00041602,-0.00029497,0.90674072,0.42168829,-0.10000000,0.00000000,0.00000000,0.30000001,-0.20000000,0.00000000,-0.10000000,0.00000000,0.00000000,0.30000001,-0.20000000,0.00000000,0.00000000,0.00000000,0.00000000,0.20000000,0.20000000,0.00000000,0.89999998,0.00000000,0.00000000,0.00000000,0.20000000,-0.20000000,0.00000000,0.89999998,0.00000000,0.00000000,0.00000000
-1.08457077,0.04074214,0.79600313,-0.00037445,-0.00026550,0.90674074,0.42168831,-0.12118349,0.00000000,0.00000000,0.33687126,-0.21628730,0.00000000,-0.12118349,0.00000000,0.00000000,0.33687126,-0.21628730,0.00000000,0.00000000,0.00000000,0.00000000,0.20000000,0.20000000,0.00000000,0.87002335,0.00000000,0.00000000,0.00000000,0.20000000,-0.20000000,0.00000000,0.87002335,0.00000000,0.00000000,0.00000000
-1.08457077,0.04074214,0.79228178,-0.00033575,-0.00023805,0.90674075,0.42168832,-0.14090664,0.00000000,0.00000000,0.37120071,-0.23145180,0.00000000,-0.14090664,0.00000000,0.00000000,0.37120071,-0.23145180,0.00000000,0.00000000,0.00000000,0.00000000,0.20000000,0.20000000,0.00000000,0.84211323,0.00000000,0.00000000,0.00000000,0.20000000,-0.20000000,0.00000000,0.84211323,0.00000000,0.00000000,0.00000000
-1.08457077,0.04074214,0.78882612,-0.00029980,-0.00021257,0.90674076,0.42168834,-0.15922162,0.00000000,0.00000000,0.40307914,-0.24553360,0.00000000,-0.15922162,0.00000000,0.00000000,0.40307914,-0.24553360,0.00000000,0.00000000,0.00000000,0.00000000,0.20000000,0.20000000,0.00000000,0.81619581,0.00000000,0.00000000,0.00000000,0.20000000,-0.20000000,0.00000000,0.81619581,0.00000000,0.00000000,0.00000000
-1.08457077,0.04074214,0.78562631,-0.00026653,-0.00018898,0.90674077,0.42168835,-0.17618057,0.00000000,0.00000000,0.43259733,-0.25857280,0.00000000,-0.17618057,0.00000000,0.00000000,0.43259733,-0.25857280,0.00000000,0.00000000,0.00000000,0.00000000,0.20000000,0.20000000,0.00000000,0.79219729,0.00000000,0.00000000,0.00000000,0.20000000,-0.20000000,0.00000000,0.79219729,0.00000000,0.00000000,0.00000000
-1.08457077,0.04074214,0.78267252,-0.00023580,-0.00016719,0.90674078,0.42168837,-0.19183566,0.00000000,0.00000000,0.45984604,-0.27060950,0.00000000,-0.19183566,0.00000000,0.00000000,0.45984604,-0.27060950,0.00000000,0.00000000,0.00000000,0.00000000,0.20000000,0.20000000,0.00000000,0.77004386,0.00000000,0.00000000,0.00000000,0.20000000,-0.20000000,0.00000000,0.77004386,0.00000000,0.00000000,0.00000000
-1.08457077,0.04074214,0.77995490,-0.00020754,-0.00014715,0.90674078,0.42168838,-0.20623904,0.00000000,0.00000000,0.48491607,-0.28168379,0.00000000,-0.20623904,0.00000000,0.00000000,0.48491607,-0.28168379,0.00000000,0.00000000,0.00000000,0.00000000,0.20000000,0.20000000,0.00000000,0.74966172,0.00000000,0.00000000,0.00000000,0.20000000,-0.20000000,0.00000000,0.74966172,0.00000000,0.00000000,0.00000000
-1.08457077,0.04074214,0.77746362,-0.00018163,-0.00012878,0.90674079,0.42168839,-0.21944286,0.00000000,0.00000000,0.50789820,-0.29183579,0.00000000,-0.21944286,0.00000000,0.00000000,0.50789820,-0.29183579,0.00000000,0.00000000,0.00000000,0.00000000,0.20000000,0.20000000,0.00000000,0.73097707,0.00000000,0.00000000,0.00000000,0.20000000,-0.20000000,0.00000000,0.73097707,0.00000000,0.00000000,0.00000000
-1.08457077,0.04074214,0.77518882,-0.00015797,-0.00011201,0.90674079,0.42168840,-0.23149928,0.00000000,0.00000000,0.52888319,-0.30110558,0.00000000,-0.23149928,0.00000000,0.00000000,0.52888319,-0.30110558,0.00000000,0.00000000,0.00000000,0.00000000,0.20000000,0.20000000,0.00000000,0.71391610,0.00000000,0.00000000,0.00000000,0.20000000,-0.20000000,0.00000000,0.71391610,0.00000000,0.00000000,0.00000000
-1.08457077,0.04074214,0.77312067,-0.00013646,-0.00009676,0.90674079,0.42168840,-0.24246045,0.00000000,0.00000000,0.54796183,-0.30953327,0.00000000,-0.24246045,0.00000000,0.00000000,0.54796183,-0.30953327,0.00000000,0.00000000,0.00000000,0.00000000,0.20000000,0.20000000,0.00000000,0.69840501,0.00000000,0.00000000,0.00000000,0.20000000,-0.20000000,0.00000000,0.69840501,0.00000000,0.00000000,0.00000000
-1.08457077,0.04074214,0.77124934,-0.00011700,-0.00008296,0.90674079,0.42168841,-0.25237853,0.00000000,0.00000000,0.56522490,-0.31715897,0.00000000,-0.25237853,0.00000000,0.00000000,0.56522490,-0.31715897,0.00000000,0.00000000,0.00000000,0.00000000,0.20000000,0.20000000,0.00000000,0.68437000,0.00000000,0.00000000,0.00000000,0.20000000,-0.20000000,0.00000000,0.68437000,0.00000000,0.00000000,0.00000000
-1.08457077,0.04074214,0.76956497,-0.00009948,-0.00007053,0.90674079,0.42168841,-0.26130567,0.00000000,0.00000000,0.58076317,-0.32402276,0.00000000,-0.26130567,0.00000000,0.00000000,0.58076317,-0.32402276,0.00000000,0.00000000,0.00000000,0.00000000,0.20000000,0.20000000,0.00000000,0.67173725,0.00000000,0.00000000,0.00000000,0.20000000,-0.20000000,0.00000000,0.67173725,0.00000000,0.00000000,0.00000000
-1.08457077,0.04074214,0.76805773,-0.00008380,-0.00005942,0.90674079,0.42168842,-0.26929403,0.00000000,0.00000000,0.59466743,-0.33016475,0.00000000,-0.26929403,0.00000000,0.00000000,0.59466743,-0.33016475,0.00000000,0.00000000,0.00000000,0.00000000,0.20000000,0.20000000,0.00000000,0.66043298,0.00000000,0.00000000,0.00000000,0.20000000,-0.20000000,0.00000000,0.66043298,0.00000000,0.00000000,0.00000000
-1.08457077,0.04074214,0.76671778,-0.00006987,-0.00004954,0.90674079,0.42168842,-0.27639575,0.00000000,0.00000000,0.60702846,-0.33562504,0.00000000,-0.27639575,0.00000000,0.00000000,0.60702846,-0.33562504,0.00000000,0.00000000,0.00000000,0.00000000,0.20000000,0.20000000,0.00000000,0.65038337,0.00000000,0.00000000,0.00000000,0.20000000,-0.20000000,0.00000000,0.65038337,0.00000000,0.00000000,0.00000000
-1.08457077,0.04074214,0.76553528,-0.00005757,-0.00004082,0.90674079,0.42168843,-0.28266300,0.00000000,0.00000000,0.61793702,-0.34044373,0.00000000,-0.28266300,0.00000000,0.00000000,0.61793702,-0.34044373,0.00000000,0.00000000,0.00000000,0.00000000,0.20000000,0.20000000,0.00000000,0.64151461,0.00000000,0.00000000,0.00000000,0.20000000,-0.20000000,0.00000000,0.64151461,0.00000000,0.00000000,0.00000000
-1.08457077,0.04074214,0.76450039,-0.00004681,-0.00003319,0.90674079,0.42168843,-0.28814794,0.00000000,0.00000000,0.62748391,-0.34466091,0.00000000,-0.28814794,0.00000000,0.00000000,0.62748391,-0.34466091,0.00000000,0.00000000,0.00000000,0.00000000,0.20000000,0.20000000,0.00000000,0.63375292,0.00000000,0.00000000,0.00000000,0.20000000,-0.20000000,0.00000000,0.63375292,0.00000000,0.00000000,0.00000000
-1.08457077,0.04074214,0.76360326,-0.00003748,-0.00002657,0.90674079,0.42168843,-0.29290270,0.00000000,0.00000000,0.63575989,-0.34831670,0.00000000,-0.29290270,0.00000000,0.00000000,0.63575989,-0.34831670,0.00000000,0.00000000,0.00000000,0.00000000,0.20000000,0.20000000,0.00000000,0.62702448,0.00000000,0.00000000,0.00000000,0.20000000,-0.20000000,0.00000000,0.62702448,0.00000000,0.00000000,0.00000000
-1.08457077,0.04074214,0.76283407,-0.00002948,-0.00002090,0.90674079,0.42168843,-0.29697946,0.00000000,0.00000000,0.64285576,-0.35145119,0.00000000,-0.29697946,0.00000000,0.00000000,0.64285576,-0.35145119,0.00000000,0.00000000,0.00000000,0.00000000,0.20000000,0.20000000,0.00000000,0.62125548,0.00000000,0.00000000,0.00000000,0.20000000,-0.20000000,0.00000000,0.62125548,0.00000000,0.00000000,0.00000000
-1.08457077,0.04074214,0.76218295,-0.00002270,-0.00001610,0.90674079,0.42168844,-0.30043036,0.00000000,0.00000000,0.64886227,-0.35410447,0.00000000,-0.30043036,0.00000000,0.00000000,0.64886227,-0.35410447,0.00000000,0.00000000,0.00000000,0.00000000,0.20000000,0.20000000,0.00000000,0.61637213,0.00000000,0.00000000,0.00000000,0.20000000,-0.20000000,0.00000000,0.61637213,0.00000000,0.00000000,0.00000000
-1.08457077,0.04074214,0.76164008,-0.00001706,-0.00001209,0.90674079,0.42168844,-0.30330756,0.00000000,0.00000000,0.65387023,-0.35631666,0.00000000,-0.30330756,0.00000000,0.00000000,0.65387023,-0.35631666,0.00000000,0.00000000,0.00000000,0.00000000,0.20000000,0.20000000,0.00000000,0.61230063,0.00000000,0.00000000,0.00000000,0.20000000,-0.20000000,0.00000000,0.61230063,0.00000000,0.00000000,0.00000000
-1.08457077,0.04074214,0.76119562,-0.00001244,-0.00000882,0.90674079,0.42168844,-0.30566321,0.00000000,0.00000000,0.65797040,-0.35812784,0.00000000,-0.30566321,0.00000000,0.00000000,0.65797040,-0.35812784,0.00000000,0.00000000,0.00000000,0.00000000,0.20000000,0.20000000,0.00000000,0.60896716,0.00000000,0.00000000,0.00000000,0.20000000,-0.20000000,0.00000000,0.60896716,0.00000000,0.00000000,0.00000000
-1.08457077,0.04074214,0.76083972,-0.00000873,-0.00000619,0.90674079,0.42168844,-0.30754947,0.00000000,0.00000000,0.66125356,-0.35957813,0.00000000,-0.30754947,0.00000000,0.00000000,0.66125356,-0.35957813,0.00000000,0.00000000,0.00000000,0.00000000,0.20000000,0.20000000,0.00000000,0.60629792,0.00000000,0.00000000,0.00000000,0.20000000,-0.20000000,0.00000000,0.60629792,0.00000000,0.00000000,0.00000000
-1.08457077,0.04074214,0.76056255,-0.00000585,-0.00000415,0.90674079,0.42168844,-0.30901849,0.00000000,0.00000000,0.66381049,-0.36070761,0.00000000,-0.30901849,0.00000000,0.00000000,0.66381049,-0.36070761,0.00000000,0.00000000,0.00000000,0.00000000,0.20000000,0.20000000,0.00000000,0.60421911,0.00000000,0.00000000,0.00000000,0.20000000,-0.20000000,0.00000000,0.60421911,0.00000000,0.00000000,0.00000000
-1.08457077,0.04074214,0.76035426,-0.00000368,-0.00000261,0.90674079,0.42168844,-0.31012243,0.00000000,0.00000000,0.66573197,-0.36155640,0.00000000,-0.31012243,0.00000000,0.00000000,0.66573197,-0.36155640,0.00000000,0.00000000,0.00000000,0.00000000,0.20000000,0.20000000,0.00000000,0.60265694,0.00000000,0.00000000,0.00000000,0.20000000,-0.20000000,0.00000000,0.60265694,0.00000000,0.00000000,0.00000000
-1.08457077,0.04074214,0.76020501,-0.00000213,-0.00000151,0.90674079,0.42168844,-0.31091344,0.00000000,0.00000000,0.66710878,-0.36216458,0.00000000,-0.31091344,0.00000000,0.00000000,0.66710878,-0.36216458,0.00000000,0.00000000,0.00000000,0.00000000,0.20000000,0.20000000,0.00000000,0.60153758,0.00000000,0.00000000,0.00000000,0.20000000,-0.20000000,0.00000000,0.60153758,0.00000000,0.00000000,0.00000000
-1.08457077,0.04074214,0.76010497,-0.00000109,-0.00000077,0.90674079,0.42168844,-0.31144368,0.00000000,0.00000000,0.66803169,-0.36257227,0.00000000,-0.31144368,0.00000000,0.00000000,0.66803169,-0.36257227,0.00000000,0.00000000,0.00000000,0.00000000,0.20000000,0.20000000,0.00000000,0.60078724,0.00000000,0.00000000,0.00000000,0.20000000,-0.20000000,0.00000000,0.60078724,0.00000000,0.00000000,0.00000000
-1.08457077,0.04074214,0.76004428,-0.00000046,-0.00000033,0.90674079,0.42168844,-0.31176530,0.00000000,0.00000000,0.66859150,-0.36281955,0.00000000,-0.31176530,0.00000000,0.00000000,0.66859150,-0.36281955,0.00000000,0.00000000,0.00000000,0.00000000,0.20000000,0.20000000,0.00000000,0.60033212,0.00000000,0.00000000,0.00000000,0.20000000,-0.20000000,0.00000000,0.60033212,0.00000000,0.00000000,0.00000000
-1.08457077,0.04074214,0.76001312,-0.00000014,-0.00000010,0.90674079,0.42168844,-0.31193046,0.00000000,0.00000000,0.66887896,-0.36294653,0.00000000,-0.31193046,0.00000000,0.00000000,0.66887896,-0.36294653,0.00000000,0.00000000,0.00000000,0.00000000,0.20000000,0.20000000,0.00000000,0.60009841,0.00000000,0.00000000,0.00000000,0.20000000,-0.20000000,0.00000000,0.60009841,0.00000000,0.00000000,0.00000000
-1.08457077,0.04074214,0.76000164,-0.00000002,-0.00000001,0.90674079,0.42168844,-0.31199131,0.00000000,0.00000000,0.66898487,-0.36299332,0.00000000,-0.31199131,0.00000000,0.00000000,0.66898487,-0.36299332,0.00000000,0.00000000,0.00000000,0.00000000,0.20000000,0.20000000,0.00000000,0.60001230,0.00000000,0.00000000,0.00000000,0.20000000,-0.20000000,0.00000000,0.60001230,0.00000000,0.00000000,0.00000000
-1.08457077,0.04074214,0.76000000,0.00000000,0.00000000,0.90674079,0.42168844,-0.31200000,0.00000000,0.00000000,0.66900000,-0.36300000,0.00000000,-0.31200000,0.00000000,0.00000000,0.66900000,-0.36300000,0.00000000,0.00000000,0.00000000,0.00000000,0.20000000,0.20000000,0.00000000,0.60000000,0.00000000,0.00000000,0.00000000,0.20000000,-0.20000000,0.00000000,0.60000000,0.00000000,0.00000000,0.00000000
-1.08457077,0.04074214,0.76000000,0.00000000,0.00000000,0.90674079,0.42168844,-0.31200000,0.00000000,0.00000000,0.66900000,-0.36300000,0.00000000,-0.31200000,0.00000000,0.00000000,0.66900000,-0.36300000,0.00000000,0.00000000,0.00000000,0.00000000,0.20000000,0.20000000,0.00000000,0.60000000,0.00000000,0.00000000,0.00000000,0.20000000,-0.20000000,0.00000000,0.60000000,0.00000000,0.00000000,0.00000000
-1.08457077,0.04074214,0.76000000,0.00000000,0.00000000,0.90674079,0.42168844,-0.31200000,0.00000000,0.00000000,0.66900000,-0.36300000,0.00000000,-0.31200000,0.00000000,0.00000000,0.66900000,-0.36300000,0.00000000,0.00000000,0.00000000,0.00000000,0.20000000,0.20000000,0.00000000,0.60000000,0.00000000,0.00000000,0.00000000,0.20000000,-0.20000000,0.00000000,0.60000000,0.00000000,0.00000000,0.00000000
-1.08457077,0.04074214,0.76000000,0.00000000,0.00000000,0.90674079,0.42168844,-0.31200000,0.00000000,0.00000000,0.66900000,-0.36300000,0.00000000,-0.31200000,0.00000000,0.00000000,0.66900000,-0.36300000,0.00000000,0.00000000,0.00000000,0.00000000,0.20000000,0.20000000,0.00000000,0.60000000,0.00000000,0.00000000,0.00000000,0.20000000,-0.20000000,0.00000000,0.60000000,0.00000000,0.00000000,0.00000000
-1.08457077,0.04074214,0.76000000,0.00000000,0.00000000,0.90674079,0.42168844,-0.31200000,0.00000000,0.00000000,0.66900000,-0.36300000,0.00000000,-0.31200000,0.00000000,0.00000000,0.66900000,-0.36300000,0.00000000,0.00000000,0.00000000,0.00000000,0.20000000,0.20000000,0.00000000,0.60000000,0.00000000,0.00000000,0.00000000,0.20000000,-0.20000000,0.00000000,0.60000000,0.00000000,0.00000000,0.00000000
-1.08457077,0.04074214,0.76000000,0.00000000,0.00000000,0.90674079,0.42168844,-0.31200000,0.00000000,0.00000000,0.66900000,-0.36300000,0.00000000,-0.31200000,0.00000000,0.00000000,0.66900000,-0.36300000,0.00000000,0.00000000,0.00000000,0.00000000,0.20000000,0.20000000,0.00000000,0.60000000,0.00000000,0.00000000,0.00000000,0.20000000,-0.20000000,0.00000000,0.60000000,0.00000000,0.00000000,0.00000000
-1.08457077,0.04074214,0.76000000,0.00000000,0.00000000,0.90674079,0.42168844,-0.31200000,0.00000000,0.00000000,0.66900000,-0.36300000,0.00000000,-0.31200000,0.00000000,0.00000000,0.66900000,-0.36300000,0.00000000,0.00000000,0.00000000,0.00000000,0.20000000,0.20000000,0.00000000,0.60000000,0.00000000,0.00000000,0.00000000,0.20000000,-0.20000000,0.00000000,0.60000000,0.00000000,0.00000000,0.00000000
-1.08457077,0.04074214,0.76000000,0.00000000,0.00000000,0.90674079,0.42168844,-0.31200000,0.00000000,0.00000000,0.66900000,-0.36300000,0.00000000,-0.31200000,0.00000000,0.00000000,0.66900000,-0.36300000,0.00000000,0.00000000,0.00000000,0.00000000,0.20000000,0.20000000,0.00000000,0.60000000,0.00000000,0.00000000,0.00000000,0.20000000,-0.20000000,0.00000000,0.60000000,0.00000000,0.00000000,0.00000000
-1.08457077,0.04074214,0.76000000,0.00000000,0.00000000,0.90674079,0.42168844,-0.31200000,0.00000000,0.00000000,0.66900000,-0.36300000,0.00000000,-0.31200000,0.00000000,0.00000000,0.66900000,-0.36300000,0.00000000,0.00000000,0.00000000,0.00000000,0.20000000,0.20000000,0.00000000,0.60000000,0.00000000,0.00000000,0.00000000,0.20000000,-0.20000000,0.00000000,0.60000000,0.00000000,0.00000000,0.00000000
-1.08457077,0.04074214,0.76000000,0.00000000,0.00000000,0.90674079,0.42168844,-0.31200000,0.00000000,0.00000000,0.66900000,-0.36300000,0.00000000,-0.31200000,0.00000000,0.00000000,0.66900000,-0.36300000,0.00000000,0.00000000,0.00000000,0.00000000,0.20000000,0.20000000,0.00000000,0.60000000,0.00000000,0.00000000,0.00000000,0.20000000,-0.20000000,0.00000000,0.60000000,0.00000000,0.00000000,0.00000000
-1.08457077,0.04074214,0.76000000,0.00000000,0.00000000,0.90674079,0.42168844,-0.31200000,0.00000000,0.00000000,0.66900000,-0.36300000,0.00000000,-0.31200000,0.00000000,0.00000000,0.66900000,-0.36300000,0.00000000,0.00000000,0.00000000,0.00000000,0.20000000,0.20000000,0.00000000,0.60000000,0.00000000,0.00000000,0.00000000,0.20000000,-0.20000000,0.00000000,0.60000000,0.00000000,0.00000000,0.00000000
-1.08457077,0.04074214,0.76000000,0.00000000,0.00000000,0.90674079,0.42168844,-0.31200000,0.00000000,0.00000000,0.66900000,-0.36300000,0.00000000,-0.31200000,0.00000000,0.00000000,0.66900000,-0.36300000,0.00000000,0.00000000,0.00000000,0.00000000,0.20000000,0.20000000,0.00000000,0.60000000,0.00000000,0.00000000,0.00000000,0.20000000,-0.20000000,0.00000000,0.60000000,0.00000000,0.00000000,0.00000000
-1.08457077,0.04074214,0.76000000,0.00000000,0.00000000,0.90674079,0.42168844,-0.31200000,0.00000000,0.00000000,0.66900000,-0.36300000,0.00000000,-0.31200000,0.00000000,0.00000000,0.66900000,-0.36300000,0.00000000,0.00000000,0.00000000,0.00000000,0.20000000,0.20000000,0.00000000,0.60000000,0.00000000,0.00000000,0.00000000,0.20000000,-0.20000000,0.00000000,0.60000000,0.00000000,0.00000000,0.00000000
-1.08457077,0.04074214,0.76000000,0.00000000,0.00000000,0.90674079,0.42168844,-0.31200000,0.00000000,0.00000000,0.66900000,-0.36300000,0.00000000,-0.31200000,0.00000000,0.00000000,0.66900000,-0.36300000,0.00000000,0.00000000,0.00000000,0.00000000,0.20000000,0.20000000,0.00000000,0.60000000,0.00000000,0.00000000,0.00000000,0.20000000,-0.20000000,0.00000000,0.60000000,0.00000000,0.00000000,0.00000000
-1.08457077,0.04074214,0.76000000,0.00000000,0.00000000,0.90674079,0.42168844,-0.31200000,0.00000000,0.00000000,0.66900000,-0.36300000,0.00000000,-0.31200000,0.00000000,0.00000000,0.66900000,-0.36300000,0.00000000,0.00000000,0.00000000,0.00000000,0.20000000,0.20000000,0.00000000,0.60000000,0.00000000,0.00000000,0.00000000,0.20000000,-0.20000000,0.00000000,0.60000000,0.00000000,0.00000000,0.00000000
-1.08457077,0.04074214,0.76000000,0.00000000,0.00000000,0.90674079,0.42168844,-0.31200000,0.00000000,0.00000000,0.66900000,-0.36300000,0.00000000,-0.31200000,0.00000000,0.00000000,0.66900000,-0.36300000,0.00000000,0.00000000,0.00000000,0.00000000,0.20000000,0.20000000,0.00000000,0.60000000,0.00000000,0.00000000,0.00000000,0.20000000,-0.20000000,0.00000000,0.60000000,0.00000000,0.00000000,0.00000000
